ID,Marital Status,Gender,Income,Children,Education,Occupation,Home Owner,Cars,Commute Distance,Region,Age,Purchased Bike,Age category
12496,Married,Female,40000,1,Bachelors,Skilled Manual,Yes,0,0-1 Miles,Europe,42,No,Middle Age
24107,Married,Male,30000,3,Partial College,Clerical,Yes,1,0-1 Miles,Europe,43,No,Middle Age
14177,Married,Male,80000,5,Partial College,Professional,No,2,2-5 Miles,Europe,60,No,Middle Age
24381,Single,,70000,0,Bachelors,Professional,Yes,1,5-10 Miles,Pacific,41,Yes,Middle Age
25597,Single,Male,30000,0,Bachelors,Clerical,No,0,0-1 Miles,Europe,36,Yes,Middle Age
13507,Married,Female,10000,2,Partial College,Manual,Yes,0,1-2 Miles,Europe,50,No,Middle Age
27974,Single,Male,160000,2,High School,Management,,4,0-1 Miles,Pacific,33,Yes,Young
19364,Married,Male,40000,1,Bachelors,Skilled Manual,Yes,0,0-1 Miles,Europe,43,Yes,Middle Age
22155,,Male,20000,2,Partial High School,Clerical,Yes,2,5-10 Miles,Pacific,58,No,Middle Age
19280,Married,Male,,2,Partial College,Manual,Yes,1,0-1 Miles,Europe,,Yes,Young
22173,Married,Female,30000,3,High School,Skilled Manual,No,2,1-2 Miles,Pacific,54,Yes,Middle Age
12697,Single,Female,90000,0,Bachelors,Professional,No,4,10+ Miles,Pacific,36,No,Middle Age
11434,Married,Male,170000,5,Partial College,Professional,Yes,,0-1 Miles,Europe,55,No,Middle Age
25323,Married,Male,40000,2,Partial College,Clerical,Yes,1,1-2 Miles,Europe,35,Yes,Middle Age
23542,Single,Male,60000,1,Partial College,Skilled Manual,No,1,0-1 Miles,Pacific,45,Yes,Middle Age
20870,Single,Female,10000,2,High School,Manual,Yes,1,0-1 Miles,Europe,38,Yes,Middle Age
23316,Single,Male,30000,3,Partial College,Clerical,No,2,1-2 Miles,Pacific,59,Yes,Middle Age
12610,Married,Female,30000,1,Bachelors,Clerical,Yes,0,0-1 Miles,Europe,47,No,Middle Age
27183,Single,Male,40000,2,Partial College,Clerical,Yes,1,1-2 Miles,Europe,35,Yes,Middle Age
25940,Single,Male,20000,2,Partial High School,Clerical,Yes,2,5-10 Miles,Pacific,55,Yes,Middle Age
25598,Married,Female,40000,0,Graduate Degree,Clerical,Yes,0,0-1 Miles,Europe,36,Yes,Middle Age
21564,Single,Female,80000,0,Bachelors,Professional,Yes,4,10+ Miles,Pacific,35,No,Middle Age
19193,Single,Male,40000,2,Partial College,Clerical,Yes,0,1-2 Miles,Europe,35,Yes,Middle Age
26412,Married,Female,80000,5,High School,Management,No,3,5-10 Miles,Europe,56,No,Middle Age
27184,Single,Male,40000,2,Partial College,Clerical,No,1,0-1 Miles,Europe,34,No,Young
12590,Single,Male,30000,1,Bachelors,Clerical,Yes,0,0-1 Miles,Europe,63,No,Old
17841,Single,Male,30000,0,Partial College,Clerical,No,1,0-1 Miles,Europe,29,Yes,Young
18283,,Female,100000,0,Bachelors,Professional,No,1,5-10 Miles,Pacific,40,No,Middle Age
18299,Married,Male,70000,5,Partial College,Skilled Manual,Yes,2,5-10 Miles,Pacific,44,No,Middle Age
16466,Single,Female,20000,0,Partial High School,Manual,No,2,0-1 Miles,Europe,32,Yes,Young
19273,Married,Female,20000,2,Partial College,Manual,Yes,0,0-1 Miles,Europe,63,No,Old
22400,Married,Male,10000,0,Partial College,Manual,No,1,0-1 Miles,Pacific,26,Yes,Young
20942,Single,Female,20000,0,High School,Manual,No,1,5-10 Miles,Europe,31,No,Young
18484,Single,Male,80000,2,High School,Skilled Manual,No,2,1-2 Miles,Pacific,50,Yes,Middle Age
12291,Single,Male,90000,5,Partial College,Professional,No,2,2-5 Miles,Europe,62,Yes,Old
28380,Single,Female,10000,5,Partial High School,Manual,No,2,0-1 Miles,Europe,41,No,Middle Age
17891,Married,Female,10000,2,Partial College,Manual,Yes,1,0-1 Miles,Europe,50,Yes,Middle Age
27832,Single,Female,30000,0,Partial College,Clerical,No,1,2-5 Miles,Europe,30,No,Young
26863,Single,Male,20000,0,High School,Manual,No,1,2-5 Miles,Europe,28,No,Young
16259,Single,Female,10000,4,Partial High School,Manual,Yes,2,0-1 Miles,Europe,40,Yes,Middle Age
27803,Single,Female,30000,2,Partial College,Clerical,No,0,0-1 Miles,Europe,43,No,Middle Age
14347,Single,Female,40000,2,Bachelors,Management,Yes,2,5-10 Miles,Pacific,65,Yes,Old
17703,Married,Female,10000,1,Graduate Degree,Manual,Yes,0,0-1 Miles,Europe,40,No,Middle Age
17185,Married,Female,170000,4,Partial College,Professional,No,3,5-10 Miles,Europe,48,Yes,Middle Age
29380,Married,Female,20000,3,High School,Manual,Yes,0,0-1 Miles,Europe,41,Yes,Middle Age
23986,Married,Female,20000,1,Bachelors,Clerical,Yes,0,0-1 Miles,Europe,66,Yes,Old
24466,Married,Female,60000,1,Partial College,Skilled Manual,Yes,1,5-10 Miles,Pacific,46,Yes,Middle Age
29097,Single,Female,40000,2,Partial College,Skilled Manual,Yes,2,5-10 Miles,Pacific,52,Yes,Middle Age
19487,Married,Male,30000,2,Partial College,Clerical,No,2,0-1 Miles,Europe,42,No,Middle Age
14939,,Male,40000,0,Bachelors,Clerical,Yes,0,0-1 Miles,Europe,39,Yes,Middle Age
13826,Single,Female,30000,0,Partial College,Clerical,No,1,0-1 Miles,Europe,28,No,Young
20619,Single,Male,80000,0,Bachelors,Professional,No,4,10+ Miles,Pacific,35,No,Middle Age
12558,Married,Female,20000,1,Bachelors,Clerical,Yes,0,0-1 Miles,Europe,65,No,Old
24871,Single,Female,90000,4,High School,Management,No,3,5-10 Miles,Europe,56,No,Middle Age
17319,Single,Female,70000,0,Bachelors,Professional,No,1,5-10 Miles,Pacific,42,No,Middle Age
28906,Married,Male,80000,4,High School,Professional,Yes,2,10+ Miles,Europe,54,No,Middle Age
12808,Married,Male,40000,0,Bachelors,Clerical,Yes,0,0-1 Miles,Europe,38,Yes,Middle Age
20567,Married,Male,130000,4,Partial College,Professional,No,4,5-10 Miles,Europe,61,Yes,Old
25502,Married,Female,40000,1,Bachelors,Skilled Manual,Yes,0,0-1 Miles,Europe,43,Yes,Middle Age
15580,Married,Male,60000,2,Bachelors,Professional,Yes,1,2-5 Miles,Pacific,38,Yes,Middle Age
24185,Single,Female,10000,1,High School,Manual,No,1,1-2 Miles,Europe,45,No,Middle Age
19291,Single,Female,10000,2,High School,Manual,Yes,0,0-1 Miles,Europe,35,No,Middle Age
16713,Married,Male,40000,2,Bachelors,Management,Yes,1,0-1 Miles,Pacific,52,Yes,Middle Age
16185,Single,Male,60000,4,Bachelors,Professional,Yes,3,10+ Miles,Pacific,41,No,Middle Age
14927,Married,Female,30000,1,Bachelors,Clerical,Yes,0,0-1 Miles,Europe,37,Yes,Middle Age
29337,Single,Male,30000,2,Partial College,Clerical,Yes,2,5-10 Miles,Pacific,68,No,Old
29355,Married,Female,40000,0,Graduate Degree,Clerical,Yes,0,0-1 Miles,Europe,37,Yes,Middle Age
25303,Single,Male,30000,0,High School,Manual,Yes,1,2-5 Miles,Europe,33,Yes,Young
14813,Single,Female,20000,4,High School,Manual,Yes,1,0-1 Miles,Europe,43,Yes,Middle Age
16438,Married,Female,10000,0,Partial High School,Manual,No,2,0-1 Miles,Europe,30,No,Young
14238,Married,Male,120000,0,Partial High School,Professional,Yes,4,10+ Miles,Pacific,36,Yes,Middle Age
16200,Single,Female,10000,0,Partial High School,Manual,No,2,0-1 Miles,Europe,35,No,Middle Age
24857,Married,Female,130000,3,High School,Professional,Yes,4,0-1 Miles,Europe,52,No,Middle Age
26956,Single,Female,20000,0,Partial College,Manual,No,1,2-5 Miles,Europe,36,Yes,Middle Age
14517,Married,Female,20000,3,High School,Skilled Manual,No,2,1-2 Miles,Pacific,62,No,Old
12678,Single,Female,130000,4,High School,Management,Yes,4,0-1 Miles,Pacific,31,No,Young
16188,Single,Female,20000,0,Partial High School,Manual,No,2,1-2 Miles,Europe,26,No,Young
27969,Married,Male,80000,0,Bachelors,Professional,Yes,2,10+ Miles,Pacific,29,Yes,Young
15752,Married,Male,80000,2,High School,Skilled Manual,No,2,1-2 Miles,Pacific,50,Yes,Middle Age
27745,Single,Male,40000,2,Bachelors,Management,Yes,2,5-10 Miles,Pacific,63,Yes,Old
20828,Married,Female,30000,4,Graduate Degree,Clerical,Yes,0,0-1 Miles,Europe,45,Yes,Middle Age
19461,Single,Female,10000,4,Partial High School,Manual,Yes,2,0-1 Miles,Europe,40,No,Middle Age
26941,Married,Male,30000,0,Bachelors,Clerical,Yes,0,0-1 Miles,Europe,47,Yes,Middle Age
28412,Single,Male,20000,0,High School,Manual,No,1,2-5 Miles,Europe,29,No,Young
24485,Single,Male,40000,2,Bachelors,Management,No,1,5-10 Miles,Pacific,52,Yes,Middle Age
16514,Single,Male,10000,0,Partial College,Manual,Yes,1,1-2 Miles,Pacific,26,Yes,Young
17191,Single,Male,130000,3,Partial College,Professional,No,3,0-1 Miles,Europe,51,Yes,Middle Age
19608,Married,Male,80000,5,Bachelors,Professional,Yes,4,1-2 Miles,Pacific,40,No,Middle Age
24119,Single,Male,30000,0,Partial College,Clerical,No,1,2-5 Miles,Europe,29,No,Young
25458,Married,Male,20000,1,High School,Manual,No,1,1-2 Miles,Europe,40,Yes,Middle Age
26886,Single,Female,30000,0,Partial College,Clerical,No,1,0-1 Miles,Europe,29,Yes,Young
28436,Single,Male,30000,0,Partial College,Clerical,No,1,0-1 Miles,Europe,30,Yes,Young
19562,Single,Female,60000,2,Bachelors,Professional,Yes,1,2-5 Miles,Pacific,37,Yes,Middle Age
15608,Single,Female,30000,0,Partial College,Clerical,No,1,2-5 Miles,Europe,33,No,Young
16487,Single,Female,30000,3,High School,Skilled Manual,Yes,2,5-10 Miles,Pacific,55,No,Middle Age
17197,Single,Female,90000,5,Partial College,Professional,Yes,2,10+ Miles,Europe,62,No,Old
12507,Married,Male,30000,1,Partial College,Clerical,Yes,1,0-1 Miles,Europe,43,No,Middle Age
23940,Married,Male,40000,1,Bachelors,Skilled Manual,Yes,1,0-1 Miles,Europe,44,Yes,Middle Age
19441,,Male,40000,0,Graduate Degree,Clerical,Yes,0,0-1 Miles,Europe,,Yes,Young
26852,Married,Female,20000,3,High School,Manual,Yes,2,0-1 Miles,Europe,43,No,Middle Age
12274,Single,Male,10000,2,High School,Manual,Yes,0,0-1 Miles,Europe,35,No,Middle Age
20236,Single,Male,60000,3,Bachelors,Professional,No,2,0-1 Miles,Pacific,43,Yes,Middle Age
24149,Married,Male,10000,2,Partial College,Manual,Yes,0,1-2 Miles,Europe,49,No,Middle Age
26139,Single,Male,60000,1,Partial College,Skilled Manual,Yes,1,5-10 Miles,Pacific,45,No,Middle Age
18491,Single,Female,70000,2,High School,Professional,Yes,2,5-10 Miles,Pacific,49,Yes,Middle Age
22707,Single,Female,30000,0,Partial College,Clerical,No,1,2-5 Miles,Europe,30,No,Young
20430,Married,Male,70000,2,Partial College,Skilled Manual,Yes,2,5-10 Miles,Pacific,52,Yes,Middle Age
27494,Single,Female,40000,2,Partial College,Skilled Manual,No,2,1-2 Miles,Pacific,53,Yes,Middle Age
26829,Married,Female,40000,0,Bachelors,Clerical,Yes,0,0-1 Miles,Europe,38,Yes,Middle Age
28395,Single,Male,40000,0,Bachelors,Professional,No,0,0-1 Miles,Europe,39,Yes,Middle Age
21006,Single,Female,,1,Partial College,Manual,No,0,0-1 Miles,Europe,46,Yes,Middle Age
14682,Single,Female,70000,0,Bachelors,Professional,No,1,5-10 Miles,Pacific,38,No,Middle Age
17650,Single,Female,40000,2,Partial College,Clerical,Yes,2,1-2 Miles,Europe,35,No,Middle Age
29191,Single,Female,130000,1,Graduate Degree,Management,No,1,0-1 Miles,Pacific,36,Yes,Middle Age
15030,Married,Male,20000,0,Bachelors,Clerical,Yes,0,0-1 Miles,Pacific,26,Yes,Young
24140,Single,Male,10000,0,Graduate Degree,Manual,No,0,0-1 Miles,Europe,30,Yes,Young
22496,Married,Female,30000,1,Bachelors,Skilled Manual,Yes,2,0-1 Miles,Europe,42,No,Middle Age
24065,Single,Female,20000,,High School,Manual,Yes,0,0-1 Miles,Europe,40,Yes,Middle Age
19914,Married,Male,80000,5,Bachelors,Management,Yes,2,2-5 Miles,Europe,62,No,Old
12871,Single,Female,30000,0,Partial College,Clerical,No,1,2-5 Miles,Europe,29,No,Young
22988,Married,Female,40000,2,Bachelors,Management,Yes,2,5-10 Miles,Pacific,66,Yes,Old
15922,Married,Male,150000,2,High School,Professional,Yes,4,0-1 Miles,Europe,48,No,Middle Age
12344,Single,Female,80000,0,Bachelors,Professional,No,3,10+ Miles,Pacific,31,No,Young
23627,Single,Female,100000,3,Partial College,Management,No,4,5-10 Miles,Europe,56,No,Middle Age
27775,Single,Female,40000,0,Bachelors,Clerical,No,0,0-1 Miles,Europe,38,Yes,Middle Age
29301,Married,Male,80000,5,Bachelors,Professional,Yes,4,1-2 Miles,Pacific,40,No,Middle Age
12716,Single,Male,30000,0,Partial College,Clerical,Yes,1,2-5 Miles,Europe,32,No,Young
12472,Married,Male,30000,1,Bachelors,Clerical,Yes,1,2-5 Miles,Europe,39,No,Middle Age
20970,Single,Male,10000,2,Partial College,Manual,Yes,1,0-1 Miles,Europe,52,Yes,Middle Age
26818,Single,Male,10000,3,High School,Manual,Yes,1,0-1 Miles,Europe,39,Yes,Middle Age
12993,Married,Male,60000,2,Bachelors,Professional,Yes,1,2-5 Miles,Pacific,37,No,Middle Age
14192,Married,Male,90000,4,High School,Management,Yes,3,5-10 Miles,Europe,56,Yes,Middle Age
19477,Married,Male,40000,0,Bachelors,Professional,Yes,0,0-1 Miles,Europe,40,Yes,Middle Age
26796,Single,Male,40000,2,Bachelors,Management,Yes,2,5-10 Miles,Pacific,65,Yes,Old
21094,Single,Female,30000,2,Partial College,Clerical,Yes,2,0-1 Miles,Europe,42,No,Middle Age
12234,Married,Male,10000,2,Partial College,Manual,Yes,1,2-5 Miles,Europe,52,No,Middle Age
28683,Single,Female,10000,1,High School,Manual,No,1,5-10 Miles,Europe,35,Yes,Middle Age
17994,Single,Male,20000,2,High School,Manual,Yes,2,0-1 Miles,Europe,42,No,Middle Age
24273,Married,Female,20000,2,Partial High School,Clerical,Yes,2,5-10 Miles,Pacific,55,Yes,Middle Age
26547,Single,Female,30000,2,Partial College,Clerical,No,2,5-10 Miles,Pacific,60,Yes,Middle Age
22500,Single,Male,40000,0,Bachelors,Professional,No,0,0-1 Miles,Europe,40,Yes,Middle Age
23993,Single,Female,10000,0,Partial College,Manual,No,1,0-1 Miles,Pacific,26,Yes,Young
14832,Married,Male,40000,1,Bachelors,Skilled Manual,Yes,0,0-1 Miles,Europe,42,Yes,Middle Age
16614,Married,Female,80000,0,Bachelors,Professional,Yes,3,10+ Miles,Pacific,32,No,Young
20877,Single,Male,30000,1,Bachelors,Clerical,Yes,0,1-2 Miles,Europe,37,Yes,Middle Age
20729,Married,Female,40000,2,Partial College,Clerical,No,1,0-1 Miles,Europe,34,No,Young
22464,Married,Male,40000,0,Graduate Degree,Clerical,Yes,0,0-1 Miles,Europe,37,Yes,Middle Age
19475,Married,Female,40000,0,Bachelors,Professional,No,0,0-1 Miles,Europe,40,Yes,Middle Age
19675,Married,Male,20000,4,High School,Skilled Manual,Yes,2,5-10 Miles,Pacific,60,No,Middle Age
12728,Single,Male,30000,0,Partial College,Clerical,No,1,1-2 Miles,Europe,27,No,Young
26154,,Male,60000,1,Partial College,Skilled Manual,Yes,1,5-10 Miles,Pacific,43,Yes,Middle Age
29117,Single,Male,100000,1,Bachelors,Management,No,3,0-1 Miles,Pacific,48,No,Middle Age
17845,Single,Female,20000,0,Partial High School,Manual,No,2,1-2 Miles,Europe,32,No,Young
25058,Married,Male,100000,1,Bachelors,Management,Yes,3,2-5 Miles,Pacific,47,No,Middle Age
23426,Single,,80000,5,Graduate Degree,Management,Yes,3,0-1 Miles,Pacific,40,No,Middle Age
14798,Single,Female,10000,4,Partial High School,Manual,Yes,2,0-1 Miles,Europe,41,Yes,Middle Age
12664,Married,Female,130000,5,Partial College,Professional,Yes,4,0-1 Miles,Europe,59,No,Middle Age
23979,Single,Male,10000,2,Partial College,Manual,No,0,0-1 Miles,Europe,50,No,Middle Age
25605,Single,Female,20000,2,Partial College,Manual,No,1,0-1 Miles,Europe,54,Yes,Middle Age
20797,Married,Female,10000,1,Bachelors,Manual,Yes,0,0-1 Miles,Europe,48,No,Middle Age
21980,Single,Female,60000,1,Bachelors,Professional,Yes,1,5-10 Miles,Pacific,44,Yes,Middle Age
25460,Married,Female,20000,2,High School,Manual,Yes,0,0-1 Miles,Europe,40,Yes,Middle Age
29181,Single,Female,60000,2,Bachelors,Professional,No,1,0-1 Miles,Pacific,38,Yes,Middle Age
24279,Single,Male,40000,2,Partial College,Skilled Manual,No,2,1-2 Miles,Pacific,52,No,Middle Age
22402,Married,Male,10000,0,Partial College,Manual,Yes,1,2-5 Miles,Pacific,25,Yes,Young
15465,Married,Female,10000,0,Partial College,Manual,No,1,0-1 Miles,Pacific,25,No,Young
26757,Single,Male,90000,1,Bachelors,Professional,Yes,1,2-5 Miles,Pacific,47,Yes,Middle Age
14233,Single,Male,100000,0,High School,Management,Yes,3,10+ Miles,Pacific,35,No,Middle Age
14058,Single,Male,70000,0,Bachelors,Professional,No,1,5-10 Miles,Pacific,41,Yes,Middle Age
12273,Married,Male,30000,1,Bachelors,Clerical,Yes,0,0-1 Miles,Europe,47,No,Middle Age
17203,Married,Female,130000,4,Partial College,Professional,Yes,4,5-10 Miles,Europe,61,Yes,Old
18144,Married,Female,80000,5,Bachelors,Management,Yes,2,2-5 Miles,Europe,61,No,Old
23963,Married,Male,10000,0,Partial High School,Manual,No,2,0-1 Miles,Europe,33,No,Young
17907,Married,Female,10000,0,Partial College,Manual,Yes,1,2-5 Miles,Pacific,27,No,Young
19442,Single,Male,50000,0,Graduate Degree,Skilled Manual,Yes,0,0-1 Miles,Europe,37,Yes,Middle Age
17504,Single,Female,80000,2,Partial College,Skilled Manual,Yes,2,5-10 Miles,Pacific,52,Yes,Middle Age
12253,Single,Female,20000,0,Partial College,Manual,Yes,0,0-1 Miles,Pacific,29,Yes,Young
27304,Single,Female,110000,2,Partial College,Professional,No,3,5-10 Miles,Europe,48,No,Middle Age
14191,Married,Male,160000,4,Partial College,Professional,No,2,10+ Miles,Europe,55,Yes,Middle Age
12212,Married,Female,10000,0,Graduate Degree,Manual,Yes,0,0-1 Miles,Europe,37,Yes,Middle Age
25529,Single,Male,10000,1,Graduate Degree,Manual,Yes,0,0-1 Miles,Europe,44,No,Middle Age
22170,Married,Female,30000,3,Partial College,Clerical,No,2,1-2 Miles,Pacific,55,Yes,Middle Age
19445,Married,Female,10000,2,High School,Manual,No,1,0-1 Miles,Europe,38,No,Middle Age
15265,Single,Male,40000,2,Bachelors,Management,Yes,2,5-10 Miles,Pacific,66,Yes,Old
28918,Married,Female,130000,4,High School,Management,No,4,10+ Miles,Europe,58,No,Middle Age
15799,Married,Female,90000,1,Bachelors,Professional,Yes,1,2-5 Miles,Pacific,47,Yes,Middle Age
11047,Married,Female,30000,3,High School,Skilled Manual,No,2,1-2 Miles,Pacific,56,Yes,Middle Age
18151,Single,Male,80000,5,Partial College,Professional,No,2,10+ Miles,Europe,59,No,Middle Age
20606,Married,Female,70000,0,Bachelors,Professional,Yes,4,10+ Miles,Pacific,32,Yes,Young
19482,Married,Male,30000,1,Partial College,Clerical,Yes,1,0-1 Miles,Europe,44,Yes,Middle Age
16489,Married,Male,30000,3,High School,Skilled Manual,Yes,2,5-10 Miles,Pacific,55,No,Middle Age
26944,Single,Male,,2,High School,Manual,Yes,0,0-1 Miles,Europe,36,Yes,Middle Age
15682,Single,Female,80000,5,Bachelors,Management,Yes,2,10+ Miles,Europe,62,No,Old
26032,Married,Female,70000,5,Bachelors,Professional,Yes,4,10+ Miles,Pacific,41,No,Middle Age
17843,Single,Female,10000,0,Partial High School,Manual,No,2,0-1 Miles,Europe,32,No,Young
25559,Single,Male,20000,0,Bachelors,Clerical,Yes,0,0-1 Miles,Pacific,25,Yes,Young
16209,Single,Female,50000,0,Graduate Degree,Skilled Manual,Yes,,1-2 Miles,Europe,36,No,Middle Age
11147,Married,Male,60000,2,Graduate Degree,Management,Yes,1,0-1 Miles,Pacific,67,Yes,Old
15214,Single,Female,100000,0,Graduate Degree,Management,No,1,1-2 Miles,Pacific,39,Yes,Middle Age
11453,Single,Male,80000,0,Bachelors,Professional,No,3,10+ Miles,Pacific,33,Yes,Young
24584,Single,Male,60000,0,Bachelors,Professional,No,3,2-5 Miles,Pacific,31,No,Young
12585,Married,Male,10000,1,High School,Manual,Yes,0,2-5 Miles,Pacific,27,Yes,Young
18626,Single,Male,40000,2,Partial College,Clerical,Yes,,1-2 Miles,Europe,33,Yes,Young
29298,Single,Female,60000,1,Partial College,Skilled Manual,Yes,1,5-10 Miles,Pacific,46,Yes,Middle Age
24842,Single,Female,90000,3,High School,Professional,No,1,2-5 Miles,Europe,51,No,Middle Age
15657,Married,Male,30000,3,Graduate Degree,Clerical,Yes,0,0-1 Miles,Europe,46,Yes,Middle Age
11415,Single,Male,90000,5,Partial College,Professional,No,2,10+ Miles,Europe,62,No,Old
28729,Single,Female,20000,0,Partial High School,Manual,Yes,2,1-2 Miles,Europe,26,Yes,Young
22633,Single,Female,40000,0,Graduate Degree,Clerical,Yes,0,0-1 Miles,Europe,37,Yes,Middle Age
25649,Single,Female,30000,3,Partial College,Clerical,Yes,0,0-1 Miles,Europe,42,Yes,Middle Age
14669,Married,Female,80000,4,Graduate Degree,Management,Yes,1,0-1 Miles,Pacific,36,No,Middle Age
19299,Married,Female,50000,0,Graduate Degree,Skilled Manual,Yes,0,0-1 Miles,Europe,36,Yes,Middle Age
20946,Single,Female,30000,0,Partial College,Clerical,No,1,2-5 Miles,Europe,30,No,Young
11451,Single,Male,70000,0,Bachelors,Professional,No,4,10+ Miles,Pacific,31,Yes,Young
25553,Married,Male,30000,1,Bachelors,Clerical,Yes,0,0-1 Miles,Europe,65,Yes,Old
27951,Single,Male,80000,4,Partial College,Professional,No,2,2-5 Miles,Europe,54,Yes,Middle Age
25026,Married,Male,20000,2,Partial High School,Clerical,Yes,3,5-10 Miles,Pacific,54,No,Middle Age
13673,Single,Female,20000,,Partial High School,Manual,No,2,0-1 Miles,Europe,25,No,Young
16043,Single,Male,10000,1,Bachelors,Manual,Yes,0,0-1 Miles,Europe,48,No,Middle Age
22399,Single,Male,10000,0,Partial College,Manual,Yes,1,1-2 Miles,Pacific,26,Yes,Young
27696,Married,Male,60000,1,Bachelors,Professional,Yes,1,5-10 Miles,Pacific,43,Yes,Middle Age
25313,Single,Male,10000,0,Partial High School,Manual,No,2,1-2 Miles,Europe,35,No,Middle Age
13813,Married,Female,30000,3,Partial College,Clerical,No,0,0-1 Miles,Europe,42,No,Middle Age
18711,Single,Female,70000,5,Bachelors,Professional,Yes,4,10+ Miles,Pacific,39,No,Middle Age
19650,Married,Female,30000,2,Partial College,Clerical,No,2,0-1 Miles,Pacific,67,No,Old
14135,Married,Male,20000,1,Partial College,Manual,Yes,0,1-2 Miles,Europe,,No,Young
12833,Single,Female,20000,3,High School,Manual,Yes,1,0-1 Miles,Europe,42,Yes,Middle Age
26849,Married,Male,10000,3,Partial High School,Manual,Yes,2,0-1 Miles,Europe,43,No,Middle Age
20962,Married,Female,20000,1,Graduate Degree,Clerical,Yes,0,0-1 Miles,Europe,45,No,Middle Age
28915,Single,Male,80000,5,High School,Management,Yes,3,10+ Miles,Europe,57,No,Middle Age
22830,Married,Male,120000,4,Partial College,Management,Yes,3,10+ Miles,Europe,56,No,Middle Age
14777,Married,Female,40000,0,Bachelors,Clerical,Yes,0,0-1 Miles,Europe,38,Yes,Middle Age
12591,Married,Female,30000,4,Graduate Degree,Clerical,Yes,0,0-1 Miles,Europe,45,No,Middle Age
24174,Married,Male,20000,0,Bachelors,Clerical,Yes,0,0-1 Miles,Pacific,27,Yes,Young
24611,,Male,90000,0,Bachelors,Professional,No,4,10+ Miles,Pacific,35,Yes,Middle Age
11340,Married,Female,10000,1,Graduate Degree,Clerical,Yes,0,0-1 Miles,Europe,70,Yes,Old
25693,Single,Female,30000,5,Graduate Degree,Clerical,Yes,0,0-1 Miles,Europe,44,Yes,Middle Age
25555,Married,Female,10000,0,Partial College,Manual,No,1,0-1 Miles,Pacific,26,Yes,Young
22006,Married,Male,70000,5,Partial College,Skilled Manual,Yes,3,5-10 Miles,Pacific,46,No,Middle Age
20060,Single,Female,30000,0,High School,Manual,No,1,2-5 Miles,Europe,34,Yes,Young
17702,Married,Male,10000,1,Graduate Degree,Manual,Yes,0,0-1 Miles,Europe,37,No,Middle Age
12503,Single,Female,30000,3,Partial College,Clerical,Yes,2,0-1 Miles,Europe,27,No,Young
23908,Single,Male,30000,1,Bachelors,Clerical,No,1,0-1 Miles,Europe,39,Yes,Middle Age
22527,Single,Female,20000,0,High School,Manual,No,1,2-5 Miles,Europe,29,No,Young
19057,Married,Female,120000,3,Bachelors,Management,No,2,10+ Miles,Europe,52,Yes,Middle Age
18494,Married,Male,110000,5,Bachelors,Management,Yes,4,2-5 Miles,Pacific,48,Yes,Middle Age
11249,Married,Female,130000,3,Partial College,Professional,Yes,3,0-1 Miles,Europe,51,Yes,Middle Age
21568,Married,Female,100000,0,High School,Management,Yes,4,10+ Miles,Pacific,34,Yes,Young
13981,Married,Female,10000,5,High School,Skilled Manual,No,3,1-2 Miles,Pacific,62,No,Old
23432,Single,Male,70000,0,Bachelors,Professional,Yes,1,5-10 Miles,Pacific,37,Yes,Middle Age
22931,Married,Male,100000,5,Graduate Degree,Management,No,1,1-2 Miles,Pacific,78,Yes,Old
18172,Married,Male,130000,4,High School,Professional,Yes,3,0-1 Miles,Europe,55,No,Middle Age
12666,Single,Male,60000,0,Bachelors,Professional,No,4,2-5 Miles,Pacific,31,No,Young
20598,Married,Male,100000,3,Partial High School,Professional,Yes,0,10+ Miles,Europe,59,Yes,Middle Age
21375,Single,Male,20000,2,Partial High School,Clerical,Yes,2,5-10 Miles,Pacific,57,No,Middle Age
20839,Single,Female,30000,3,Graduate Degree,Clerical,Yes,0,0-1 Miles,Europe,47,Yes,Middle Age
21738,Married,Male,20000,1,Graduate Degree,Clerical,Yes,0,0-1 Miles,Europe,43,No,Middle Age
14164,Single,Female,50000,0,Graduate Degree,Skilled Manual,Yes,0,0-1 Miles,Europe,36,Yes,Middle Age
14193,Single,Female,100000,3,Partial College,Management,Yes,4,10+ Miles,Europe,56,No,Middle Age
12705,Married,Male,150000,0,Bachelors,Management,Yes,4,0-1 Miles,Pacific,37,Yes,Middle Age
22672,Single,Female,30000,2,Partial College,Clerical,Yes,0,0-1 Miles,Europe,43,No,Middle Age
26219,Married,Female,40000,1,Bachelors,Skilled Manual,Yes,1,1-2 Miles,Europe,33,Yes,Young
28468,Married,Female,10000,2,Partial College,Manual,Yes,0,1-2 Miles,Europe,51,No,Middle Age
23419,Single,Female,70000,5,Bachelors,Professional,Yes,3,10+ Miles,Pacific,39,No,Middle Age
17964,Married,Male,40000,0,Graduate Degree,Clerical,Yes,0,0-1 Miles,Europe,37,Yes,Middle Age
20919,Single,Female,30000,2,Partial College,Clerical,Yes,2,0-1 Miles,Europe,42,No,Middle Age
20927,Single,Female,20000,5,High School,Manual,Yes,2,0-1 Miles,Europe,27,No,Young
13133,Single,Male,100000,5,Bachelors,Professional,Yes,1,5-10 Miles,Pacific,47,Yes,Middle Age
19626,Married,Male,70000,5,Partial College,Skilled Manual,Yes,3,5-10 Miles,Pacific,45,No,Middle Age
21039,Single,Female,50000,0,Graduate Degree,Skilled Manual,No,0,0-1 Miles,Europe,37,Yes,Middle Age
12231,Single,Female,10000,2,Partial College,Manual,Yes,0,0-1 Miles,Europe,51,Yes,Middle Age
25665,Single,Female,20000,0,High School,Manual,No,1,1-2 Miles,Europe,28,No,Young
24061,Married,Male,10000,4,Partial High School,Manual,Yes,1,0-1 Miles,Europe,40,Yes,Middle Age
26879,Single,Female,20000,0,High School,Manual,No,1,2-5 Miles,Europe,30,No,Young
12284,Married,Female,30000,0,Bachelors,Clerical,No,0,0-1 Miles,Europe,36,Yes,Middle Age
26654,Married,Female,90000,1,Graduate Degree,Management,Yes,0,0-1 Miles,Pacific,37,Yes,Middle Age
14545,Married,Female,10000,2,Partial College,Manual,Yes,0,1-2 Miles,Europe,49,No,Middle Age
24201,Married,Female,10000,2,High School,Manual,Yes,0,0-1 Miles,Europe,37,Yes,Middle Age
20625,Married,Male,100000,0,High School,Management,Yes,3,10+ Miles,Pacific,35,Yes,Middle Age
16390,Single,Male,30000,1,Bachelors,Clerical,No,0,0-1 Miles,Europe,38,Yes,Middle Age
14804,Single,Female,10000,3,Partial High School,Manual,Yes,2,0-1 Miles,Europe,43,No,Middle Age
12629,Single,Male,20000,1,Partial College,Manual,No,0,0-1 Miles,Europe,37,No,Middle Age
14696,Single,Male,10000,0,Partial High School,Manual,No,2,0-1 Miles,Europe,34,No,Young
22005,Married,Female,70000,5,Partial College,Skilled Manual,No,3,5-10 Miles,Pacific,46,No,Middle Age
14544,Single,Male,10000,1,Partial College,Manual,Yes,0,0-1 Miles,Europe,49,No,Middle Age
14312,Married,Female,60000,1,Partial College,Skilled Manual,Yes,1,5-10 Miles,Pacific,45,No,Middle Age
29120,Single,Female,100000,1,Bachelors,Management,Yes,4,2-5 Miles,Pacific,48,No,Middle Age
24187,Single,Female,30000,3,Graduate Degree,Clerical,No,0,0-1 Miles,Europe,46,Yes,Middle Age
15758,Married,Male,130000,0,Graduate Degree,Management,Yes,0,5-10 Miles,Pacific,48,No,Middle Age
29094,Married,Male,30000,3,High School,Skilled Manual,Yes,2,5-10 Miles,Pacific,54,Yes,Middle Age
28319,Single,Female,60000,1,Partial College,Skilled Manual,No,1,0-1 Miles,Pacific,46,Yes,Middle Age
16406,Married,Male,40000,0,Bachelors,Clerical,No,0,0-1 Miles,Europe,38,Yes,Middle Age
20923,Married,Female,40000,1,Bachelors,Skilled Manual,Yes,0,0-1 Miles,Europe,42,Yes,Middle Age
11378,Single,Female,10000,1,High School,Manual,No,1,2-5 Miles,Europe,46,Yes,Middle Age
20851,Single,Male,20000,0,Partial College,Manual,No,1,2-5 Miles,Europe,36,Yes,Middle Age
21557,Single,Female,110000,0,Partial College,Management,Yes,3,10+ Miles,Pacific,32,Yes,Young
26663,Single,Female,60000,2,Bachelors,Professional,No,1,0-1 Miles,Pacific,39,Yes,Middle Age
11896,Married,Male,100000,1,Graduate Degree,Management,Yes,0,2-5 Miles,Pacific,36,Yes,Middle Age
14189,Married,Female,90000,4,High School,Professional,No,2,2-5 Miles,Europe,54,Yes,Middle Age
13136,Married,Female,30000,2,Partial College,Clerical,No,2,5-10 Miles,Pacific,69,No,Old
25906,Single,Female,10000,5,High School,Skilled Manual,No,2,1-2 Miles,Pacific,62,No,Old
17926,,Female,,0,Bachelors,Clerical,No,0,0-1 Miles,Pacific,28,Yes,Young
26928,Single,Male,30000,1,Bachelors,Clerical,Yes,0,0-1 Miles,Europe,62,Yes,Old
20897,Married,Female,30000,1,Bachelors,Skilled Manual,Yes,2,0-1 Miles,Europe,40,No,Middle Age
28207,Married,Male,80000,4,Graduate Degree,Management,Yes,1,0-1 Miles,Pacific,36,Yes,Middle Age
25923,Single,Male,10000,2,Partial High School,Clerical,Yes,2,5-10 Miles,Pacific,58,No,Middle Age
11000,Married,Male,90000,2,Bachelors,Professional,Yes,0,1-2 Miles,Pacific,40,Yes,Middle Age
20974,Married,Male,10000,2,Bachelors,Clerical,Yes,1,0-1 Miles,Europe,66,No,Old
28758,Married,Male,40000,2,Partial College,Clerical,Yes,1,1-2 Miles,Europe,35,Yes,Middle Age
11381,Married,Female,20000,2,Partial College,Manual,Yes,1,2-5 Miles,Europe,47,Yes,Middle Age
17522,Married,Male,120000,4,Bachelors,Management,Yes,1,2-5 Miles,Pacific,47,No,Middle Age
21207,Married,Male,60000,1,Partial College,Skilled Manual,Yes,1,5-10 Miles,Pacific,46,No,Middle Age
28102,Married,Male,20000,4,High School,Skilled Manual,Yes,2,5-10 Miles,Pacific,58,Yes,Middle Age
23105,Single,Male,40000,3,Partial High School,Clerical,No,2,5-10 Miles,Pacific,52,Yes,Middle Age
18740,Married,Male,80000,5,Bachelors,Professional,No,1,0-1 Miles,Pacific,47,Yes,Middle Age
21213,Single,Male,70000,0,Bachelors,Professional,No,1,5-10 Miles,Pacific,41,No,Middle Age
17352,Married,Male,50000,2,Graduate Degree,Management,Yes,1,5-10 Miles,Pacific,64,Yes,Old
14154,Married,Male,30000,0,Bachelors,Clerical,Yes,0,0-1 Miles,Europe,35,Yes,Middle Age
19066,Married,Male,130000,4,Partial College,Professional,No,3,10+ Miles,Europe,54,No,Middle Age
11386,Married,Female,30000,3,Bachelors,Clerical,Yes,0,0-1 Miles,Europe,45,No,Middle Age
20228,Married,Male,100000,0,Graduate Degree,Management,Yes,0,2-5 Miles,Pacific,40,Yes,Middle Age
16675,Single,Female,160000,0,Graduate Degree,Management,No,3,0-1 Miles,Pacific,47,Yes,Middle Age
16410,Single,Female,10000,4,Partial High School,Manual,Yes,2,0-1 Miles,Europe,41,Yes,Middle Age
27760,Single,Female,40000,0,Graduate Degree,Clerical,No,0,0-1 Miles,Europe,37,Yes,Middle Age
22930,Married,Male,90000,4,Bachelors,Professional,Yes,0,1-2 Miles,Pacific,38,Yes,Middle Age
23780,Single,Male,40000,2,Partial College,Clerical,No,2,0-1 Miles,Europe,36,Yes,Middle Age
20994,Married,Female,20000,0,Bachelors,Clerical,No,0,0-1 Miles,Pacific,26,Yes,Young
28379,Married,Male,30000,1,Bachelors,Skilled Manual,Yes,2,0-1 Miles,Europe,40,No,Middle Age
14865,Single,Male,40000,2,Partial College,Clerical,Yes,2,1-2 Miles,Europe,36,No,Middle Age
12663,Married,Female,90000,5,Partial High School,Skilled Manual,Yes,2,10+ Miles,Europe,59,No,Middle Age
24898,Single,Female,80000,0,Bachelors,Professional,Yes,3,10+ Miles,Pacific,32,No,Young
19508,Married,Male,10000,0,Partial High School,Manual,No,2,0-1 Miles,Europe,30,No,Young
11489,Single,Female,20000,0,Partial High School,Manual,No,2,1-2 Miles,Europe,35,Yes,Middle Age
18160,Married,Male,130000,3,High School,Professional,Yes,4,5-10 Miles,Europe,51,Yes,Middle Age
25241,Married,Male,90000,2,Bachelors,Professional,Yes,1,5-10 Miles,Pacific,47,No,Middle Age
24369,Married,,80000,5,Graduate Degree,Management,No,2,0-1 Miles,Pacific,39,No,Middle Age
27165,Single,Male,20000,0,Partial High School,Manual,No,2,0-1 Miles,Europe,34,No,Young
29424,Married,Male,10000,0,Partial High School,Manual,Yes,2,0-1 Miles,Europe,32,No,Young
15926,Single,Female,120000,3,High School,Professional,Yes,4,5-10 Miles,Europe,50,Yes,Middle Age
14554,Married,Male,20000,1,Bachelors,Clerical,Yes,0,0-1 Miles,Europe,66,No,Old
16468,Single,Male,30000,0,Partial College,Clerical,Yes,1,2-5 Miles,Europe,30,No,Young
19174,Single,Female,30000,0,High School,Manual,No,1,2-5 Miles,Europe,32,Yes,Young
19183,Single,Male,10000,0,Partial High School,Manual,Yes,2,1-2 Miles,Europe,35,No,Middle Age
13683,Single,Female,30000,0,High School,Manual,No,1,2-5 Miles,Europe,32,No,Young
17848,Single,Male,30000,0,Partial College,Clerical,No,1,2-5 Miles,Europe,31,Yes,Young
17894,Married,Female,20000,1,Bachelors,Clerical,Yes,0,0-1 Miles,Europe,50,Yes,Middle Age
25651,Married,Male,40000,1,Bachelors,Skilled Manual,No,0,0-1 Miles,Europe,43,Yes,Middle Age
22936,Single,Female,60000,1,Partial College,Skilled Manual,No,1,0-1 Miles,Pacific,45,Yes,Middle Age
23915,Married,Male,20000,2,High School,Manual,Yes,2,0-1 Miles,Europe,42,No,Middle Age
24121,Single,Female,30000,0,Partial College,Clerical,No,1,0-1 Miles,Europe,29,Yes,Young
27878,Single,Male,20000,0,Partial College,Manual,No,0,0-1 Miles,Pacific,28,Yes,Young
13572,Single,Male,10000,3,High School,Manual,Yes,,0-1 Miles,Europe,37,Yes,Middle Age
27941,Married,Female,80000,4,Partial College,Professional,Yes,2,2-5 Miles,Europe,53,No,Middle Age
26354,Single,Male,40000,0,Graduate Degree,Clerical,No,0,0-1 Miles,Europe,38,Yes,Middle Age
14785,Single,Male,30000,1,Bachelors,Clerical,No,1,1-2 Miles,Europe,39,No,Middle Age
17238,Single,Male,80000,0,Bachelors,Professional,Yes,3,10+ Miles,Pacific,32,No,Young
23608,Married,Female,150000,3,High School,Professional,Yes,3,0-1 Miles,Europe,51,Yes,Middle Age
22538,Single,Female,10000,0,Partial High School,Manual,Yes,2,1-2 Miles,Europe,33,No,Young
12332,Married,Male,90000,4,High School,Management,Yes,3,5-10 Miles,Europe,58,Yes,Middle Age
17230,Married,Male,80000,0,Bachelors,Professional,Yes,3,10+ Miles,Pacific,30,No,Young
13082,Single,Male,130000,0,Graduate Degree,Management,Yes,0,2-5 Miles,Pacific,48,Yes,Middle Age
22518,Single,Female,30000,3,Partial College,Clerical,No,2,0-1 Miles,Europe,27,Yes,Young
13687,Married,Male,40000,1,Bachelors,Skilled Manual,Yes,1,0-1 Miles,Europe,33,Yes,Young
23571,Married,Female,40000,2,Bachelors,Management,Yes,2,0-1 Miles,Pacific,66,Yes,Old
19305,Single,Female,10000,2,High School,Manual,Yes,1,0-1 Miles,Europe,38,Yes,Middle Age
22636,Single,Female,40000,0,Bachelors,Clerical,,0,0-1 Miles,Europe,38,Yes,Middle Age
17310,Married,Male,60000,1,Partial College,Skilled Manual,Yes,1,0-1 Miles,Pacific,45,Yes,Middle Age
12133,Married,Female,130000,3,Partial College,Professional,Yes,3,5-10 Miles,Europe,50,Yes,Middle Age
25918,Single,Female,30000,2,Partial College,Clerical,No,2,5-10 Miles,Pacific,60,Yes,Middle Age
25752,Single,Female,20000,2,Partial College,Manual,No,1,0-1 Miles,Europe,53,Yes,Middle Age
17324,Married,Female,100000,4,Bachelors,Professional,Yes,1,10+ Miles,Pacific,46,No,Middle Age
22918,Single,Male,80000,5,Graduate Degree,Management,Yes,3,0-1 Miles,Pacific,,No,Young
12510,Married,Male,40000,1,Bachelors,Skilled Manual,Yes,1,0-1 Miles,Europe,43,Yes,Middle Age
25512,Single,Male,20000,0,High School,Manual,No,1,2-5 Miles,Europe,30,No,Young
16179,Single,Female,80000,5,Bachelors,Professional,Yes,4,1-2 Miles,Pacific,38,No,Middle Age
15628,Married,Female,40000,1,Bachelors,Skilled Manual,Yes,1,0-1 Miles,Europe,89,No,Old
20977,Married,Male,20000,1,Bachelors,Clerical,Yes,0,0-1 Miles,Europe,64,Yes,Old
18140,Married,Male,130000,3,Partial College,Professional,No,3,5-10 Miles,Europe,51,Yes,Middle Age
20417,Married,Male,30000,3,Partial College,Clerical,No,2,5-10 Miles,Pacific,56,No,Middle Age
18267,Married,Male,60000,3,Bachelors,Professional,Yes,2,5-10 Miles,Pacific,43,No,Middle Age
13620,Single,Male,70000,0,Bachelors,Professional,No,3,10+ Miles,Pacific,30,Yes,Young
22974,Married,Female,30000,2,Partial College,Clerical,Yes,2,5-10 Miles,Pacific,69,No,Old
13586,Married,Male,80000,4,Partial College,Professional,Yes,2,10+ Miles,Europe,53,No,Middle Age
17978,Married,Male,40000,0,Graduate Degree,Clerical,Yes,0,0-1 Miles,Europe,37,Yes,Middle Age
12581,Single,Female,10000,0,Partial College,Manual,No,1,0-1 Miles,Pacific,28,Yes,Young
18018,Single,Male,30000,3,Partial College,Clerical,Yes,0,0-1 Miles,Europe,43,No,Middle Age
28957,Single,Female,120000,,Partial High School,Professional,Yes,4,10+ Miles,Pacific,34,Yes,Young
13690,Single,Female,20000,0,Partial High School,Manual,No,2,1-2 Miles,Europe,34,Yes,Young
12568,Married,Female,30000,1,Bachelors,Clerical,Yes,0,0-1 Miles,Europe,64,No,Old
13122,Married,Female,80000,0,Bachelors,Professional,Yes,1,1-2 Miles,Pacific,41,Yes,Middle Age
21184,Single,Male,70000,0,Bachelors,Professional,No,1,5-10 Miles,Pacific,38,No,Middle Age
26150,Single,Female,70000,0,Bachelors,Professional,No,1,0-1 Miles,Pacific,41,Yes,Middle Age
24151,Single,Male,20000,1,Bachelors,Clerical,No,0,0-1 Miles,Europe,51,No,Middle Age
23962,Married,Female,10000,0,Partial High School,Manual,Yes,2,1-2 Miles,Europe,32,No,Young
17793,Married,Female,40000,0,Bachelors,Clerical,Yes,0,0-1 Miles,Europe,38,Yes,Middle Age
14926,Married,Male,30000,1,Bachelors,Clerical,Yes,0,0-1 Miles,Europe,38,Yes,Middle Age
16163,Single,Male,60000,2,Bachelors,Professional,Yes,1,2-5 Miles,Pacific,38,Yes,Middle Age
21365,Married,Female,10000,2,Partial High School,Clerical,Yes,2,5-10 Miles,Pacific,58,No,Middle Age
27771,Single,Male,30000,1,Bachelors,Clerical,Yes,1,1-2 Miles,Europe,39,Yes,Middle Age
26167,Single,Female,40000,2,Bachelors,Management,No,1,5-10 Miles,Pacific,53,Yes,Middle Age
25792,Single,Female,110000,3,Bachelors,Management,Yes,4,10+ Miles,Europe,53,No,Middle Age
11555,Married,Female,40000,1,Bachelors,Clerical,Yes,0,0-1 Miles,Europe,80,No,Old
22381,Married,Male,10000,1,Graduate Degree,Manual,Yes,0,0-1 Miles,Europe,44,No,Middle Age
17882,Married,Male,20000,1,Graduate Degree,Clerical,Yes,0,0-1 Miles,Europe,44,No,Middle Age
22174,Married,Male,30000,3,High School,Skilled Manual,Yes,2,5-10 Miles,Pacific,54,Yes,Middle Age
22439,Married,Female,30000,0,Bachelors,Clerical,Yes,0,0-1 Miles,Europe,37,Yes,Middle Age
18012,Married,Female,40000,1,Bachelors,Skilled Manual,Yes,0,0-1 Miles,Europe,41,No,Middle Age
27582,Single,Female,90000,2,Bachelors,Professional,No,0,0-1 Miles,Pacific,36,Yes,Middle Age
12744,Single,Female,40000,2,Partial College,Clerical,Yes,0,0-1 Miles,Europe,33,No,Young
22821,Married,Female,130000,3,Partial College,Professional,Yes,4,0-1 Miles,Europe,52,No,Middle Age
20171,Married,Female,20000,2,Partial College,Manual,Yes,1,0-1 Miles,Europe,46,Yes,Middle Age
11116,Married,Male,70000,5,Partial College,Skilled Manual,Yes,2,5-10 Miles,Pacific,43,No,Middle Age
20053,Single,Male,40000,2,Partial College,Clerical,Yes,0,0-1 Miles,Europe,34,No,Young
25266,Single,Female,30000,2,Partial College,Clerical,No,2,5-10 Miles,Pacific,67,No,Old
17960,Married,Female,40000,0,Graduate Degree,Clerical,Yes,0,0-1 Miles,Europe,35,Yes,Middle Age
13961,Married,Female,80000,5,Graduate Degree,Management,Yes,3,0-1 Miles,Pacific,40,No,Middle Age
11897,Single,Male,60000,2,Bachelors,Professional,No,1,0-1 Miles,Pacific,37,Yes,Middle Age
11139,Single,Female,30000,2,Partial College,Clerical,No,2,5-10 Miles,Pacific,67,No,Old
11576,Married,Male,30000,1,Bachelors,Skilled Manual,Yes,2,0-1 Miles,Europe,41,Yes,Middle Age
19255,Single,Male,10000,2,Partial College,Manual,Yes,1,0-1 Miles,Europe,51,Yes,Middle Age
18153,Married,Female,100000,2,Bachelors,Management,Yes,4,10+ Miles,Europe,59,No,Middle Age
14547,Married,Male,10000,2,Partial College,Manual,Yes,0,1-2 Miles,Europe,51,No,Middle Age
24901,Single,Male,110000,0,Partial College,Management,No,3,10+ Miles,Pacific,32,Yes,Young
27169,Single,Male,30000,0,High School,Manual,Yes,1,2-5 Miles,Europe,34,Yes,Young
14805,Single,Female,10000,3,Partial High School,Manual,Yes,2,0-1 Miles,Europe,43,No,Middle Age
15822,Married,Male,40000,2,Bachelors,Management,Yes,2,0-1 Miles,Pacific,67,No,Old
19389,Single,Male,30000,0,Partial College,Clerical,No,1,2-5 Miles,Europe,28,No,Young
17048,Single,Female,90000,1,Graduate Degree,Management,Yes,0,0-1 Miles,Pacific,36,Yes,Middle Age
22204,Married,Male,110000,4,Bachelors,Management,Yes,3,2-5 Miles,Pacific,48,No,Middle Age
12718,Single,Female,30000,0,Partial College,Clerical,Yes,1,2-5 Miles,Europe,31,No,Young
15019,Single,Female,30000,3,High School,Skilled Manual,Yes,2,5-10 Miles,Pacific,55,No,Middle Age
28488,Single,Male,20000,0,Partial College,Manual,Yes,0,0-1 Miles,Pacific,28,Yes,Young
21891,Married,Female,110000,0,High School,Management,Yes,3,10+ Miles,Pacific,34,Yes,Young
27814,Single,Female,30000,3,Partial College,Clerical,No,1,0-1 Miles,Europe,26,No,Young
22175,Married,Female,30000,3,High School,Skilled Manual,Yes,2,5-10 Miles,Pacific,53,Yes,Middle Age
29447,Single,Female,10000,2,Bachelors,Clerical,No,1,2-5 Miles,Europe,68,No,Old
19784,Married,Female,80000,2,High School,Skilled Manual,Yes,2,5-10 Miles,Pacific,50,Yes,Middle Age
27824,Single,Female,30000,3,Partial College,Clerical,Yes,2,0-1 Miles,Europe,28,Yes,Young
24093,Single,Female,80000,0,Graduate Degree,Skilled Manual,No,0,0-1 Miles,Europe,40,Yes,Middle Age
19618,Married,Male,70000,5,Partial College,Skilled Manual,Yes,2,0-1 Miles,Pacific,44,No,Middle Age
21561,Single,Male,90000,0,Bachelors,Professional,No,3,10+ Miles,Pacific,34,Yes,Young
11061,Married,Male,,2,Partial College,Skilled Manual,Yes,2,5-10 Miles,Pacific,52,Yes,Middle Age
26651,Single,Male,80000,4,Graduate Degree,Management,Yes,0,0-1 Miles,Pacific,36,Yes,Middle Age
21108,Married,Female,40000,1,Bachelors,Skilled Manual,Yes,1,0-1 Miles,Europe,43,Yes,Middle Age
12731,Single,Male,30000,0,High School,Manual,No,1,1-2 Miles,Europe,32,No,Young
25307,Married,Female,40000,1,Bachelors,Skilled Manual,Yes,1,1-2 Miles,Europe,32,Yes,Young
14278,Married,Female,130000,0,Graduate Degree,Management,Yes,1,10+ Miles,Pacific,48,No,Middle Age
20711,Married,Female,40000,1,Bachelors,Skilled Manual,Yes,0,1-2 Miles,Europe,32,Yes,Young
11383,Married,Female,30000,3,Graduate Degree,Clerical,Yes,,0-1 Miles,Europe,46,No,Middle Age
12497,Married,Female,40000,1,Bachelors,Skilled Manual,Yes,0,0-1 Miles,Europe,42,No,Middle Age
16559,Single,Female,10000,2,High School,Manual,Yes,0,0-1 Miles,Europe,36,Yes,Middle Age
11585,Married,Female,40000,1,Bachelors,Skilled Manual,Yes,0,0-1 Miles,Europe,41,No,Middle Age
20277,Married,Female,30000,2,Partial College,Clerical,No,2,0-1 Miles,Pacific,69,No,Old
26765,Single,Female,70000,5,Partial College,Skilled Manual,Yes,2,5-10 Miles,Pacific,45,No,Middle Age
12389,Single,Male,30000,0,High School,Manual,No,1,2-5 Miles,Europe,34,No,Young
13585,Married,Female,80000,4,Partial College,Professional,No,1,2-5 Miles,Europe,53,Yes,Middle Age
26385,Single,Male,120000,3,High School,Professional,No,4,5-10 Miles,Europe,50,No,Middle Age
12236,Married,Female,20000,1,Partial College,Manual,Yes,0,0-1 Miles,Europe,65,No,Old
21560,Married,Male,120000,0,Partial High School,Professional,Yes,4,10+ Miles,Pacific,32,Yes,Young
21554,Single,Female,80000,0,Bachelors,Professional,No,3,10+ Miles,Pacific,33,No,Young
13662,Single,Male,20000,0,Partial High School,Manual,Yes,2,1-2 Miles,Europe,31,Yes,Young
13089,Married,Female,120000,1,Bachelors,Management,Yes,2,0-1 Miles,Pacific,46,Yes,Middle Age
14791,Married,Female,40000,0,Bachelors,Clerical,Yes,0,0-1 Miles,Europe,39,Yes,Middle Age
19331,Single,Male,20000,2,High School,Manual,Yes,1,0-1 Miles,Europe,40,No,Middle Age
17754,Single,Female,30000,3,Bachelors,Clerical,Yes,0,0-1 Miles,Europe,46,Yes,Middle Age
11149,Married,Male,40000,2,Bachelors,Management,Yes,2,0-1 Miles,Pacific,65,No,Old
16549,Single,Female,30000,3,Bachelors,Clerical,Yes,0,0-1 Miles,Europe,47,Yes,Middle Age
24305,Single,Male,100000,1,Bachelors,Management,No,3,0-1 Miles,Pacific,46,Yes,Middle Age
18253,Married,Female,80000,5,Graduate Degree,Management,Yes,3,0-1 Miles,Pacific,40,No,Middle Age
20147,Married,Female,30000,1,Bachelors,Clerical,Yes,0,0-1 Miles,Europe,65,No,Old
15612,Single,Male,30000,0,High School,Manual,No,1,1-2 Miles,Europe,28,No,Young
28323,Single,Male,70000,0,Bachelors,Professional,No,2,5-10 Miles,Pacific,43,Yes,Middle Age
22634,Single,Female,40000,0,Graduate Degree,Clerical,Yes,0,0-1 Miles,Europe,38,Yes,Middle Age
15665,Married,Female,30000,0,Bachelors,Clerical,Yes,0,0-1 Miles,Europe,47,Yes,Middle Age
27585,Married,Female,90000,2,Bachelors,Professional,No,0,0-1 Miles,Pacific,36,Yes,Middle Age
19748,Married,Male,20000,4,High School,Skilled Manual,No,2,1-2 Miles,Pacific,60,No,Middle Age
21974,Single,Female,70000,0,Bachelors,Professional,Yes,1,5-10 Miles,Pacific,42,Yes,Middle Age
14032,Married,Male,70000,2,High School,Skilled Manual,No,2,1-2 Miles,Pacific,50,Yes,Middle Age
22610,Married,Male,30000,0,Bachelors,Clerical,Yes,0,0-1 Miles,Europe,35,Yes,Middle Age
26984,Married,Male,40000,1,Bachelors,Skilled Manual,Yes,1,0-1 Miles,Europe,32,Yes,Young
18294,Married,Female,90000,1,Bachelors,Professional,Yes,1,5-10 Miles,Pacific,46,No,Middle Age
28564,Single,Female,40000,2,Partial College,Clerical,Yes,0,1-2 Miles,Europe,33,Yes,Young
28521,Single,Male,40000,0,Graduate Degree,Clerical,No,0,0-1 Miles,Europe,36,Yes,Middle Age
15450,Married,Male,10000,1,Graduate Degree,Clerical,Yes,0,0-1 Miles,Europe,70,No,Old
25681,Single,Female,30000,0,Partial College,Clerical,No,1,2-5 Miles,Europe,31,Yes,Young
19491,Single,Male,30000,2,Partial College,Clerical,Yes,2,0-1 Miles,Europe,42,No,Middle Age
26415,Married,Female,90000,4,Partial High School,Skilled Manual,Yes,4,10+ Miles,Europe,58,No,Middle Age
12821,Married,Male,40000,0,Bachelors,Clerical,Yes,0,0-1 Miles,Europe,39,No,Middle Age
15629,Single,Female,10000,0,Partial High School,Manual,Yes,2,1-2 Miles,Europe,34,No,Young
27835,Married,Male,20000,0,Partial High School,Manual,Yes,2,0-1 Miles,Europe,32,No,Young
11738,Married,Male,60000,4,Bachelors,Professional,Yes,0,2-5 Miles,North America,46,No,Middle Age
25065,Married,Male,70000,2,Partial High School,Skilled Manual,Yes,2,5-10 Miles,North America,48,No,Middle Age
26238,Single,Female,40000,3,Partial College,Clerical,Yes,1,1-2 Miles,North America,31,Yes,Young
23707,Single,Male,70000,5,Bachelors,Management,Yes,3,10+ Miles,North America,60,Yes,Middle Age
27650,Married,Male,70000,4,High School,Professional,Yes,0,5-10 Miles,North America,51,No,Middle Age
24981,Married,Male,60000,2,Partial College,Professional,Yes,2,10+ Miles,North America,56,No,Middle Age
20678,Single,Female,60000,3,Bachelors,Skilled Manual,Yes,1,2-5 Miles,North America,40,Yes,Middle Age
15302,Single,Female,70000,1,Graduate Degree,Professional,Yes,0,2-5 Miles,North America,34,Yes,Young
26012,Married,Male,80000,1,Partial College,Skilled Manual,Yes,1,2-5 Miles,North America,48,Yes,Middle Age
26575,Single,Female,40000,0,High School,Skilled Manual,No,2,1-2 Miles,North America,31,Yes,Young
15559,Married,Male,60000,5,Bachelors,Professional,Yes,1,2-5 Miles,North America,47,No,Middle Age
19235,Married,Female,50000,0,Graduate Degree,Skilled Manual,Yes,0,0-1 Miles,North America,34,No,Young
15275,Married,Male,40000,0,Partial College,Skilled Manual,Yes,1,5-10 Miles,North America,29,No,Young
20339,Married,Female,130000,1,Bachelors,Management,Yes,4,2-5 Miles,North America,44,Yes,Middle Age
25405,Married,Male,70000,2,Bachelors,Skilled Manual,Yes,1,2-5 Miles,North America,38,Yes,Middle Age
15940,Married,Male,100000,4,Partial College,Professional,Yes,4,0-1 Miles,North America,40,No,Middle Age
25074,Married,Female,70000,4,Bachelors,Professional,Yes,2,2-5 Miles,North America,42,Yes,Middle Age
24738,Married,Female,40000,1,Partial College,Clerical,Yes,1,1-2 Miles,North America,51,Yes,Middle Age
16337,Married,Male,60000,0,Partial College,Skilled Manual,No,2,1-2 Miles,North America,29,No,Young
24357,Married,Male,,3,Bachelors,Professional,Yes,1,2-5 Miles,North America,48,Yes,Middle Age
18613,Single,Male,70000,0,Bachelors,Professional,No,1,2-5 Miles,North America,37,Yes,Middle Age
12207,Single,Male,80000,4,Bachelors,Management,Yes,,5-10 Miles,North America,66,Yes,Old
18052,Married,Female,60000,1,Partial College,Skilled Manual,Yes,1,0-1 Miles,North America,45,Yes,Middle Age
13353,Single,Female,60000,4,Graduate Degree,Management,Yes,2,10+ Miles,North America,61,Yes,Old
19399,Single,Male,40000,0,Bachelors,Professional,No,1,2-5 Miles,North America,45,No,Middle Age
16154,Married,Female,70000,5,Bachelors,Professional,Yes,2,2-5 Miles,North America,47,No,Middle Age
22219,Married,Female,60000,2,High School,Professional,Yes,2,5-10 Miles,North America,49,No,Middle Age
17269,Single,Male,60000,3,Bachelors,Professional,No,0,0-1 Miles,North America,47,Yes,Middle Age
23586,Married,Female,80000,0,Bachelors,Management,Yes,1,1-2 Miles,North America,34,Yes,Young
15740,Married,Male,80000,5,Bachelors,Management,Yes,2,1-2 Miles,North America,64,No,Old
27638,Single,Male,100000,1,Partial College,Professional,No,3,1-2 Miles,North America,44,No,Middle Age
18976,Single,Male,40000,4,High School,Professional,Yes,2,10+ Miles,North America,62,Yes,Old
19413,Single,Male,60000,3,Bachelors,Professional,No,1,0-1 Miles,North America,47,Yes,Middle Age
13283,Married,Male,80000,3,Partial College,Professional,No,2,0-1 Miles,North America,49,Yes,Middle Age
17471,Single,Female,80000,4,Graduate Degree,Management,Yes,2,5-10 Miles,North America,67,No,Old
16791,Single,Male,60000,5,Bachelors,Management,Yes,3,10+ Miles,North America,59,Yes,Middle Age
15382,Married,Female,110000,1,Bachelors,Management,Yes,2,1-2 Miles,North America,44,No,Middle Age
11641,Married,Male,50000,1,Bachelors,Skilled Manual,Yes,0,0-1 Miles,North America,36,No,Middle Age
11935,Single,Female,30000,0,Partial College,Skilled Manual,Yes,1,5-10 Miles,North America,28,No,Young
13233,Married,Male,60000,2,Partial College,Professional,Yes,1,10+ Miles,North America,57,Yes,Middle Age
25909,Married,Male,60000,0,Partial College,Skilled Manual,Yes,1,5-10 Miles,North America,27,Yes,Young
14092,Single,Male,30000,0,Partial High School,Clerical,Yes,2,5-10 Miles,North America,28,No,Young
29143,Single,Female,60000,1,Bachelors,Professional,No,1,0-1 Miles,North America,44,Yes,Middle Age
24941,Married,Male,60000,3,Bachelors,Management,Yes,2,10+ Miles,North America,66,No,Old
24637,Married,Male,40000,4,High School,Professional,Yes,2,10+ Miles,North America,64,No,Old
23893,Married,Male,50000,3,Bachelors,Skilled Manual,Yes,3,10+ Miles,North America,41,No,Middle Age
13907,Single,Female,80000,3,Bachelors,Skilled Manual,Yes,1,0-1 Miles,North America,41,Yes,Middle Age
14900,Married,Female,40000,1,Partial College,Clerical,Yes,1,1-2 Miles,North America,49,Yes,Middle Age
11262,Married,Female,80000,4,Bachelors,Management,Yes,0,0-1 Miles,North America,42,No,Middle Age
22294,Single,Female,70000,0,Bachelors,Professional,No,1,2-5 Miles,North America,37,Yes,Middle Age
12195,Single,Female,70000,3,Graduate Degree,Management,Yes,2,1-2 Miles,North America,52,No,Middle Age
25375,Married,Male,50000,1,Graduate Degree,Skilled Manual,Yes,0,1-2 Miles,North America,34,No,Young
11143,Married,Male,40000,0,High School,Skilled Manual,Yes,2,5-10 Miles,North America,29,No,Young
25898,Married,Female,70000,2,High School,Professional,Yes,2,2-5 Miles,North America,53,No,Middle Age
24397,Single,Male,120000,2,Bachelors,Management,No,4,1-2 Miles,North America,40,No,Middle Age
19758,Single,Male,60000,0,Partial College,Skilled Manual,No,2,1-2 Miles,North America,29,No,Young
15529,Married,Male,60000,4,Bachelors,Professional,Yes,2,2-5 Miles,North America,43,Yes,Middle Age
19884,Married,Male,60000,2,High School,Professional,Yes,2,2-5 Miles,North America,55,Yes,Middle Age
18674,Single,Female,80000,4,Graduate Degree,Skilled Manual,No,0,0-1 Miles,North America,48,No,Middle Age
13453,Married,Female,130000,,Bachelors,Management,Yes,3,0-1 Miles,North America,45,Yes,Middle Age
14063,Single,Female,70000,0,Bachelors,Professional,No,1,0-1 Miles,Pacific,42,Yes,Middle Age
27393,Married,Female,50000,4,Bachelors,Management,Yes,2,10+ Miles,North America,63,No,Old
14417,Single,Male,60000,3,High School,Professional,Yes,2,10+ Miles,North America,54,Yes,Middle Age
17533,Married,Male,40000,3,Partial College,Professional,No,2,5-10 Miles,North America,73,Yes,Old
18580,Married,Female,60000,2,Graduate Degree,Professional,Yes,0,2-5 Miles,North America,,Yes,Young
17025,Single,Male,50000,0,Partial College,Skilled Manual,No,1,2-5 Miles,North America,39,Yes,Middle Age
25293,Married,Male,80000,4,Bachelors,Management,Yes,0,1-2 Miles,North America,42,No,Middle Age
24725,Married,Female,40000,3,Partial College,Clerical,Yes,0,1-2 Miles,North America,31,No,Young
23200,Married,Female,50000,3,Bachelors,Skilled Manual,Yes,2,0-1 Miles,North America,41,No,Middle Age
15895,Single,Female,60000,2,Bachelors,Management,Yes,0,10+ Miles,North America,58,No,Middle Age
18577,Married,Female,60000,0,Graduate Degree,Professional,Yes,0,0-1 Miles,North America,40,No,Middle Age
27218,Married,Female,20000,2,Partial High School,Clerical,No,,0-1 Miles,North America,48,No,Middle Age
18560,Married,Female,70000,2,Graduate Degree,Professional,Yes,0,2-5 Miles,North America,34,Yes,Young
25006,Single,Female,30000,0,Partial College,Skilled Manual,Yes,1,5-10 Miles,North America,28,No,Young
17369,Single,Male,30000,0,Partial College,Skilled Manual,Yes,1,5-10 Miles,North America,27,No,Young
14495,Married,Male,40000,3,Partial College,Professional,No,2,5-10 Miles,North America,54,Yes,Middle Age
18847,Married,Female,60000,2,Graduate Degree,Management,Yes,2,5-10 Miles,North America,70,No,Old
14754,Married,Male,40000,1,Partial College,Clerical,Yes,1,1-2 Miles,North America,48,Yes,Middle Age
23378,Married,Male,70000,1,Partial College,Skilled Manual,Yes,1,2-5 Miles,North America,44,Yes,Middle Age
26452,Single,Male,50000,3,Graduate Degree,Management,Yes,2,10+ Miles,North America,69,No,Old
20370,Married,Male,70000,3,Partial High School,Skilled Manual,Yes,2,5-10 Miles,North America,52,No,Middle Age
20528,Married,Male,40000,2,Partial High School,Skilled Manual,Yes,2,2-5 Miles,North America,55,No,Middle Age
23549,Single,Male,30000,0,High School,Skilled Manual,Yes,2,5-10 Miles,North America,30,No,Young
21751,Married,Male,60000,3,Graduate Degree,Management,Yes,2,1-2 Miles,North America,63,No,Old
21266,Single,Female,80000,0,Bachelors,Management,Yes,1,1-2 Miles,North America,34,Yes,Young
13388,Single,Male,60000,2,Partial College,Professional,Yes,1,10+ Miles,North America,56,No,Middle Age
18752,Single,Female,40000,0,High School,Skilled Manual,Yes,1,5-10 Miles,North America,31,No,Young
16917,Married,Male,120000,1,Bachelors,Management,Yes,4,0-1 Miles,North America,38,No,Middle Age
15313,Married,Male,60000,4,Bachelors,Management,Yes,2,2-5 Miles,North America,59,No,Middle Age
25329,Single,Female,40000,3,Partial College,Clerical,No,2,0-1 Miles,North America,32,No,Young
20380,Married,Female,60000,3,Graduate Degree,Management,Yes,2,10+ Miles,North America,69,No,Old
23089,Married,Male,40000,0,Partial College,Skilled Manual,Yes,1,5-10 Miles,North America,28,No,Young
13749,Married,Male,80000,4,Graduate Degree,Skilled Manual,Yes,0,1-2 Miles,North America,47,No,Middle Age
24943,Married,Male,60000,3,Bachelors,Management,Yes,2,10+ Miles,North America,66,No,Old
28667,Single,Male,70000,2,Bachelors,Skilled Manual,No,1,0-1 Miles,North America,37,Yes,Middle Age
15194,Single,Male,120000,2,Bachelors,Management,No,3,0-1 Miles,North America,39,Yes,Middle Age
17436,Married,Male,60000,2,High School,Professional,No,2,1-2 Miles,North America,51,No,Middle Age
18935,Married,Female,130000,0,Graduate Degree,Management,Yes,3,1-2 Miles,North America,40,No,Middle Age
16871,Married,Female,90000,2,High School,Professional,Yes,1,10+ Miles,North America,51,Yes,Middle Age
12100,Single,Male,60000,2,Bachelors,Management,Yes,0,10+ Miles,North America,57,No,Middle Age
23158,Married,Female,60000,1,Graduate Degree,Professional,No,0,0-1 Miles,North America,35,Yes,Middle Age
18545,Married,Male,40000,4,High School,Professional,No,2,10+ Miles,North America,61,Yes,Old
18391,Single,Female,80000,5,Partial College,Professional,Yes,2,5-10 Miles,North America,44,No,Middle Age
19812,Single,Female,70000,2,Partial College,Professional,Yes,0,5-10 Miles,North America,49,Yes,Middle Age
27660,Married,Male,80000,4,Graduate Degree,Management,Yes,2,5-10 Miles,North America,70,No,Old
18058,Single,Female,20000,3,High School,Skilled Manual,Yes,2,2-5 Miles,North America,78,No,Old
20343,Married,Female,90000,4,Partial College,Professional,Yes,1,1-2 Miles,North America,45,No,Middle Age
28997,Single,Male,40000,2,High School,Professional,No,1,2-5 Miles,North America,58,Yes,Middle Age
24398,Married,Male,130000,1,Graduate Degree,Management,Yes,4,0-1 Miles,North America,41,No,Middle Age
19002,Married,Female,60000,2,Partial College,Professional,Yes,1,2-5 Miles,North America,57,Yes,Middle Age
28609,Married,Male,30000,2,High School,Skilled Manual,No,2,0-1 Miles,North America,49,No,Middle Age
29231,Single,,80000,4,Partial College,Professional,No,2,0-1 Miles,North America,43,No,Middle Age
18858,Single,Male,60000,2,Partial High School,Skilled Manual,Yes,2,5-10 Miles,North America,52,Yes,Middle Age
20000,Married,Male,60000,1,Graduate Degree,Professional,Yes,0,0-1 Miles,North America,35,Yes,Middle Age
25261,Married,Male,40000,0,High School,Skilled Manual,Yes,2,5-10 Miles,North America,27,No,Young
17458,Single,Male,70000,3,High School,Professional,Yes,0,5-10 Miles,North America,52,Yes,Middle Age
11644,Single,Male,40000,2,Bachelors,Skilled Manual,Yes,0,2-5 Miles,North America,36,No,Middle Age
16145,Single,Female,70000,5,Graduate Degree,Professional,Yes,3,10+ Miles,North America,46,Yes,Middle Age
16890,Married,Male,60000,3,Partial High School,Skilled Manual,Yes,2,5-10 Miles,North America,52,Yes,Middle Age
25983,Married,Male,70000,0,Bachelors,Professional,No,1,0-1 Miles,North America,43,No,Middle Age
14633,Married,Male,60000,1,Partial College,Skilled Manual,Yes,1,2-5 Miles,North America,44,No,Middle Age
22994,Married,Female,80000,0,Bachelors,Management,Yes,1,1-2 Miles,North America,34,Yes,Young
22983,Single,Female,30000,0,Partial High School,Clerical,Yes,2,5-10 Miles,North America,27,No,Young
25184,Single,Male,110000,1,Partial College,Professional,Yes,4,5-10 Miles,North America,45,Yes,Middle Age
14469,Married,Female,100000,3,Partial College,Professional,Yes,4,1-2 Miles,North America,45,No,Middle Age
11538,Single,Female,60000,4,Graduate Degree,Skilled Manual,No,,0-1 Miles,North America,47,Yes,Middle Age
16245,Single,Female,80000,4,Graduate Degree,Skilled Manual,Yes,0,1-2 Miles,North America,47,No,Middle Age
17858,Married,Male,40000,4,High School,Skilled Manual,Yes,2,2-5 Miles,North America,44,Yes,Middle Age
25347,Single,Female,20000,3,Partial High School,Clerical,No,2,0-1 Miles,North America,49,No,Middle Age
15814,Single,Female,40000,0,High School,Skilled Manual,Yes,1,5-10 Miles,North America,30,No,Young
11259,Married,Female,100000,4,Partial College,Professional,Yes,4,2-5 Miles,North America,41,Yes,Middle Age
11200,Married,Male,70000,4,Bachelors,Management,Yes,1,1-2 Miles,North America,58,No,Middle Age
25101,Married,Male,60000,5,Bachelors,Professional,Yes,1,2-5 Miles,North America,47,No,Middle Age
21801,Married,Female,70000,4,Partial College,Professional,Yes,1,1-2 Miles,North America,55,No,Middle Age
25943,Single,Female,70000,0,Partial College,Skilled Manual,No,2,0-1 Miles,North America,27,Yes,Young
22127,Married,Male,60000,3,Graduate Degree,Management,Yes,2,1-2 Miles,North America,67,No,Old
20414,Married,Female,60000,0,Partial College,Skilled Manual,Yes,2,5-10 Miles,North America,29,No,Young
23672,Married,Female,60000,3,Graduate Degree,Management,Yes,2,1-2 Miles,North America,67,No,Old
29255,Single,Male,80000,3,Partial College,Professional,No,1,1-2 Miles,North America,51,Yes,Middle Age
28815,Married,Female,50000,1,Graduate Degree,Skilled Manual,Yes,0,0-1 Miles,North America,35,No,Middle Age
27753,Married,Male,40000,0,High School,Skilled Manual,No,2,1-2 Miles,North America,30,No,Young
27643,Single,Male,70000,5,Partial College,Professional,Yes,3,2-5 Miles,North America,44,No,Middle Age
13754,Single,Female,80000,4,Graduate Degree,Skilled Manual,Yes,0,1-2 Miles,North America,48,No,Middle Age
22088,Married,Female,130000,1,Bachelors,Management,Yes,2,0-1 Miles,North America,45,Yes,Middle Age
27388,Married,Male,60000,3,Bachelors,Management,No,2,1-2 Miles,North America,66,No,Old
24745,Single,Female,30000,2,High School,Skilled Manual,No,2,0-1 Miles,North America,49,No,Middle Age
29237,Single,Female,120000,4,Partial College,Professional,Yes,3,5-10 Miles,North America,43,Yes,Middle Age
15272,Single,Male,40000,0,High School,Skilled Manual,No,2,1-2 Miles,North America,30,No,Young
18949,Single,Male,70000,,Graduate Degree,Management,Yes,2,5-10 Miles,North America,74,Yes,Old
14507,Married,Male,100000,2,Graduate Degree,Management,Yes,3,1-2 Miles,North America,65,No,Old
25886,Married,Female,60000,2,Partial College,Professional,Yes,2,2-5 Miles,North America,56,Yes,Middle Age
21441,Married,Male,50000,4,Bachelors,Management,Yes,2,10+ Miles,North America,64,No,Old
21741,Married,Female,70000,3,Partial College,Professional,Yes,2,5-10 Miles,North America,50,Yes,Middle Age
14572,Married,Female,70000,3,Graduate Degree,Professional,Yes,0,2-5 Miles,North America,35,Yes,Middle Age
23368,Married,Female,60000,5,Bachelors,Skilled Manual,Yes,3,10+ Miles,North America,41,No,Middle Age
16217,Single,Female,60000,0,Graduate Degree,Skilled Manual,Yes,0,0-1 Miles,North America,39,No,Middle Age
16247,Single,Female,60000,4,Graduate Degree,Skilled Manual,,0,1-2 Miles,North America,47,No,Middle Age
22010,Single,Male,40000,0,High School,Skilled Manual,Yes,2,5-10 Miles,North America,31,No,Young
25872,Single,Female,70000,2,Bachelors,Management,No,1,2-5 Miles,North America,58,Yes,Middle Age
19164,Single,Female,70000,0,Bachelors,Professional,No,1,2-5 Miles,North America,38,Yes,Middle Age
18435,Single,Female,70000,5,Graduate Degree,Management,Yes,2,10+ Miles,North America,67,Yes,Old
14284,Single,Male,60000,0,Partial College,Professional,No,2,1-2 Miles,North America,32,Yes,Young
11287,Married,Male,70000,5,Partial College,Professional,No,3,5-10 Miles,North America,45,No,Middle Age
13066,Single,Male,30000,0,High School,Skilled Manual,No,2,1-2 Miles,North America,31,Yes,Young
29106,Single,Male,40000,0,High School,Skilled Manual,No,2,1-2 Miles,North America,31,Yes,Young
26236,Married,Female,40000,3,Partial College,Clerical,Yes,1,0-1 Miles,North America,31,No,Young
17531,Married,Male,60000,2,High School,Professional,No,2,5-10 Miles,North America,50,No,Middle Age
12964,Married,Male,70000,1,Partial College,Skilled Manual,Yes,1,0-1 Miles,North America,44,No,Middle Age
19133,Single,Male,50000,2,Bachelors,Skilled Manual,Yes,1,2-5 Miles,North America,38,Yes,Middle Age
24643,Single,Female,60000,4,Bachelors,Management,Yes,2,10+ Miles,North America,63,No,Old
21599,Married,Female,60000,1,Graduate Degree,Professional,Yes,0,2-5 Miles,North America,36,Yes,Middle Age
22976,Single,Male,40000,0,High School,Skilled Manual,No,2,0-1 Miles,North America,28,Yes,Young
27637,Single,Female,100000,1,Partial College,Professional,No,3,1-2 Miles,North America,44,No,Middle Age
11890,Married,Female,70000,5,Graduate Degree,Professional,Yes,1,0-1 Miles,North America,47,No,Middle Age
28580,Married,Female,80000,0,Graduate Degree,Skilled Manual,Yes,0,1-2 Miles,North America,40,Yes,Middle Age
14443,Married,Male,130000,1,Graduate Degree,Management,Yes,4,0-1 Miles,North America,40,No,Middle Age
17864,Married,Female,60000,1,Partial College,Skilled Manual,Yes,1,2-5 Miles,North America,46,Yes,Middle Age
20505,Married,Female,40000,5,High School,Professional,No,2,10+ Miles,North America,61,No,Old
14592,Married,Female,60000,0,Graduate Degree,Professional,Yes,0,0-1 Miles,North America,40,No,Middle Age
22227,Married,Female,60000,2,High School,Professional,Yes,2,5-10 Miles,North America,50,No,Middle Age
21471,Married,Male,70000,2,Partial College,Professional,Yes,1,10+ Miles,North America,59,No,Middle Age
22252,Single,Female,60000,1,Graduate Degree,Professional,Yes,0,2-5 Miles,North America,36,Yes,Middle Age
21260,Single,Female,40000,0,High School,Skilled Manual,Yes,2,5-10 Miles,North America,30,No,Young
11817,Single,Female,70000,4,Graduate Degree,Professional,Yes,0,2-5 Miles,North America,35,Yes,Middle Age
19223,Married,Female,30000,2,High School,Skilled Manual,Yes,2,1-2 Miles,North America,48,No,Middle Age
18517,Married,Male,100000,3,Bachelors,Management,Yes,4,0-1 Miles,North America,41,No,Middle Age
21717,Married,Male,40000,2,Partial College,Clerical,Yes,1,0-1 Miles,North America,47,No,Middle Age
13760,Married,Male,60000,4,Graduate Degree,Skilled Manual,No,0,0-1 Miles,North America,47,No,Middle Age
18145,Married,Male,80000,5,Bachelors,Management,No,2,2-5 Miles,Europe,62,No,Old
21770,Married,Male,60000,4,Bachelors,Management,Yes,2,10+ Miles,North America,60,No,Middle Age
11165,Married,Female,60000,0,Partial College,Skilled Manual,No,1,1-2 Miles,North America,33,No,Young
16377,Single,Female,80000,4,Graduate Degree,Skilled Manual,No,0,0-1 Miles,North America,47,No,Middle Age
26248,Married,Male,20000,3,Partial High School,Clerical,No,2,0-1 Miles,North America,52,No,Middle Age
23461,Married,Female,90000,5,Partial College,Professional,Yes,3,2-5 Miles,North America,40,No,Middle Age
29133,Single,Female,60000,4,Bachelors,Skilled Manual,No,2,0-1 Miles,North America,42,No,Middle Age
27673,Single,Female,60000,3,Graduate Degree,Management,Yes,2,5-10 Miles,North America,53,Yes,Middle Age
12774,Married,Female,40000,1,Partial College,Clerical,Yes,1,1-2 Miles,North America,51,Yes,Middle Age
18910,Single,Male,30000,0,Partial College,Skilled Manual,Yes,2,5-10 Miles,North America,30,No,Young
11699,Single,,60000,,Bachelors,Skilled Manual,No,2,0-1 Miles,North America,,No,Young
16725,Married,Male,30000,0,High School,Skilled Manual,Yes,2,5-10 Miles,North America,26,No,Young
28269,Single,Female,130000,1,Bachelors,Management,No,1,2-5 Miles,North America,45,No,Middle Age
23144,Married,Male,50000,1,Bachelors,Skilled Manual,Yes,0,0-1 Miles,North America,34,Yes,Young
23376,Married,Male,70000,1,Bachelors,Professional,Yes,1,2-5 Miles,North America,44,Yes,Middle Age
25970,Single,Female,60000,4,Bachelors,Skilled Manual,No,2,0-1 Miles,North America,41,Yes,Middle Age
28068,Single,Female,80000,3,Graduate Degree,Professional,No,0,0-1 Miles,North America,36,Yes,Middle Age
18390,Married,,80000,5,Partial College,Professional,Yes,2,0-1 Miles,North America,44,No,Middle Age
29112,Single,Male,60000,0,Partial College,Professional,No,2,1-2 Miles,North America,30,No,Young
14090,Married,Female,30000,0,Partial High School,Clerical,No,2,0-1 Miles,North America,28,No,Young
27040,Married,Male,20000,2,Partial High School,Clerical,Yes,2,1-2 Miles,North America,49,No,Middle Age
23479,Single,Male,90000,0,Partial College,Professional,No,2,0-1 Miles,North America,43,Yes,Middle Age
16795,Married,Female,70000,4,Bachelors,Management,Yes,1,1-2 Miles,North America,59,No,Middle Age
22014,Single,Male,30000,0,High School,Skilled Manual,Yes,2,5-10 Miles,North America,26,No,Young
13314,Married,Male,120000,1,High School,Professional,Yes,4,5-10 Miles,North America,46,Yes,Middle Age
11619,Single,Female,50000,0,Graduate Degree,Skilled Manual,Yes,0,1-2 Miles,North America,33,No,Young
29132,Single,Female,40000,0,Bachelors,Professional,Yes,1,2-5 Miles,North America,42,Yes,Middle Age
11199,Married,Female,70000,4,Bachelors,Management,Yes,1,10+ Miles,North America,59,No,Middle Age
20296,Single,Female,60000,0,Partial College,Skilled Manual,No,1,1-2 Miles,North America,33,Yes,Young
17546,Married,Female,70000,1,Partial College,Skilled Manual,Yes,1,0-1 Miles,North America,44,Yes,Middle Age
18069,Married,Male,70000,5,Bachelors,Management,Yes,4,10+ Miles,North America,60,No,Middle Age
23712,Single,Female,70000,2,Bachelors,Management,Yes,1,10+ Miles,North America,59,No,Middle Age
23358,Married,Male,60000,0,High School,Professional,Yes,2,5-10 Miles,North America,32,Yes,Young
20518,Married,Female,70000,2,Partial College,Professional,Yes,1,10+ Miles,North America,58,No,Middle Age
28026,Married,Female,40000,2,High School,Professional,No,2,2-5 Miles,North America,59,No,Middle Age
11669,Single,Female,70000,2,Bachelors,Skilled Manual,Yes,1,2-5 Miles,North America,38,No,Middle Age
16020,Married,Male,40000,0,High School,Skilled Manual,Yes,2,5-10 Miles,North America,28,Yes,Young
27090,Married,Female,60000,1,Graduate Degree,Professional,Yes,0,2-5 Miles,North America,37,Yes,Middle Age
27198,Single,Female,80000,0,Graduate Degree,Skilled Manual,No,0,0-1 Miles,North America,40,No,Middle Age
19661,Single,Male,90000,4,Bachelors,Management,Yes,1,1-2 Miles,North America,38,Yes,Middle Age
26327,Married,Male,70000,4,Graduate Degree,Professional,Yes,0,2-5 Miles,North America,36,Yes,Middle Age
26341,Married,Female,70000,5,Graduate Degree,Professional,Yes,2,0-1 Miles,North America,37,No,Middle Age
24958,Single,Female,40000,5,High School,Professional,No,3,2-5 Miles,North America,60,Yes,Middle Age
13287,Single,Male,110000,4,Bachelors,Management,Yes,4,5-10 Miles,North America,42,Yes,Middle Age
14493,Single,Female,70000,3,Graduate Degree,Management,No,2,1-2 Miles,North America,53,No,Middle Age
26678,Single,Female,80000,2,Partial High School,Skilled Manual,Yes,2,5-10 Miles,North America,49,No,Middle Age
23275,Married,Male,30000,2,High School,Skilled Manual,Yes,2,1-2 Miles,North America,49,No,Middle Age
11270,Married,Male,130000,2,Graduate Degree,Management,Yes,3,0-1 Miles,North America,42,Yes,Middle Age
20084,Married,Male,20000,2,High School,Manual,No,2,0-1 Miles,North America,53,No,Middle Age
16144,Married,Male,70000,1,Graduate Degree,Professional,Yes,1,0-1 Miles,North America,46,Yes,Middle Age
27731,Married,Male,40000,0,High School,Skilled Manual,Yes,2,5-10 Miles,North America,27,No,Young
11886,Married,Female,60000,3,Bachelors,Professional,Yes,1,0-1 Miles,North America,48,Yes,Middle Age
24324,Single,Female,60000,4,Bachelors,Skilled Manual,Yes,2,2-5 Miles,North America,41,Yes,Middle Age
22220,Married,Male,60000,2,High School,Professional,No,2,1-2 Miles,North America,49,Yes,Middle Age
26625,Single,Female,60000,0,Graduate Degree,Professional,Yes,1,2-5 Miles,North America,38,Yes,Middle Age
23027,Single,Male,130000,1,Bachelors,Management,No,4,0-1 Miles,North America,44,No,Middle Age
16867,Single,Female,130000,1,Bachelors,Management,No,3,0-1 Miles,North America,45,Yes,Middle Age
14514,Single,Female,30000,0,Partial College,Skilled Manual,Yes,1,5-10 Miles,North America,26,No,Young
19634,Married,Male,40000,0,High School,Skilled Manual,Yes,1,5-10 Miles,North America,31,No,Young
18504,Married,Male,70000,2,Partial High School,Skilled Manual,No,2,1-2 Miles,North America,49,No,Middle Age
28799,Single,Female,40000,2,Partial College,Clerical,No,1,1-2 Miles,North America,47,Yes,Middle Age
11225,Married,Female,60000,2,Partial College,Professional,Yes,1,10+ Miles,North America,55,No,Middle Age
17657,Married,Male,40000,4,Partial College,Clerical,No,0,0-1 Miles,North America,30,No,Young
14913,Married,Female,40000,1,Partial College,Clerical,Yes,1,1-2 Miles,North America,48,Yes,Middle Age
14077,Single,Male,30000,0,High School,Skilled Manual,Yes,2,5-10 Miles,North America,30,No,Young
13296,Married,Male,110000,1,Bachelors,Management,Yes,3,5-10 Miles,North America,45,No,Middle Age
20535,Married,Female,70000,4,Partial College,Professional,Yes,1,10+ Miles,North America,56,No,Middle Age
12452,Married,Male,60000,4,Graduate Degree,Skilled Manual,Yes,0,1-2 Miles,North America,47,Yes,Middle Age
28043,Married,Female,60000,2,Bachelors,Management,Yes,0,10+ Miles,North America,56,No,Middle Age
12957,Single,Female,70000,1,Bachelors,Professional,No,1,0-1 Miles,North America,44,No,Middle Age
15412,Married,Male,130000,2,Graduate Degree,Management,Yes,3,2-5 Miles,North America,69,No,Old
20514,Married,Female,70000,2,Partial College,Professional,Yes,1,2-5 Miles,North America,59,No,Middle Age
20758,Married,Male,30000,2,High School,Skilled Manual,Yes,2,1-2 Miles,North America,50,No,Middle Age
11801,Married,Male,60000,1,Graduate Degree,Professional,Yes,0,2-5 Miles,North America,36,No,Middle Age
22211,Married,Male,60000,0,Partial College,Professional,Yes,2,5-10 Miles,North America,32,No,Young
28087,Single,Female,40000,0,Partial College,Skilled Manual,No,1,1-2 Miles,North America,27,No,Young
23668,Married,Female,40000,4,High School,Professional,Yes,2,5-10 Miles,North America,59,Yes,Middle Age
27441,Married,Male,60000,3,High School,Professional,No,2,2-5 Miles,North America,53,No,Middle Age
27261,Married,Male,40000,1,Bachelors,Skilled Manual,No,1,0-1 Miles,North America,36,Yes,Middle Age
18649,Single,Male,30000,1,High School,Clerical,Yes,2,1-2 Miles,North America,51,Yes,Middle Age
21714,Single,Female,80000,5,Graduate Degree,Skilled Manual,No,0,0-1 Miles,North America,47,No,Middle Age
23217,Single,Female,60000,3,Graduate Degree,Professional,Yes,0,2-5 Miles,North America,43,Yes,Middle Age
23797,Single,Male,20000,3,Partial High School,Clerical,No,2,0-1 Miles,North America,50,No,Middle Age
13216,Married,Female,60000,5,Bachelors,Management,Yes,3,10+ Miles,North America,59,No,Middle Age
20657,Single,Male,50000,2,Bachelors,Skilled Manual,Yes,0,2-5 Miles,North America,37,Yes,Middle Age
12882,Married,Male,50000,1,Graduate Degree,Skilled Manual,Yes,0,0-1 Miles,North America,33,Yes,Young
25908,Married,Female,60000,0,Partial College,Skilled Manual,No,1,1-2 Miles,North America,27,No,Young
16753,Single,Female,70000,0,Partial College,Skilled Manual,Yes,2,5-10 Miles,North America,34,Yes,Young
14608,Married,Male,50000,4,Bachelors,Skilled Manual,Yes,3,10+ Miles,North America,42,No,Middle Age
24979,Married,Female,60000,2,Partial College,Professional,Yes,2,2-5 Miles,North America,57,Yes,Middle Age
13313,Married,Female,120000,1,High School,Professional,No,4,2-5 Miles,North America,45,No,Middle Age
18952,Married,Female,100000,4,Bachelors,Management,Yes,4,0-1 Miles,North America,40,No,Middle Age
17699,Married,Male,60000,1,Graduate Degree,Skilled Manual,No,0,0-1 Miles,North America,,No,Young
14657,Married,Male,80000,1,Partial College,Skilled Manual,No,1,0-1 Miles,North America,47,Yes,Middle Age
11540,Single,Male,60000,4,Graduate Degree,Skilled Manual,Yes,0,1-2 Miles,North America,47,Yes,Middle Age
11783,Married,Female,60000,1,Graduate Degree,Skilled Manual,Yes,0,0-1 Miles,North America,34,No,Young
14602,Married,Female,80000,3,Graduate Degree,Professional,Yes,0,0-1 Miles,North America,36,Yes,Middle Age
29030,Married,Male,70000,2,Partial High School,Skilled Manual,Yes,2,10+ Miles,North America,54,No,Middle Age
26490,Single,Male,70000,2,Bachelors,Management,No,1,2-5 Miles,North America,59,Yes,Middle Age
13151,Single,Male,40000,0,High School,Skilled Manual,Yes,2,5-10 Miles,North America,27,No,Young
17260,Married,Male,90000,5,Partial College,Professional,Yes,3,0-1 Miles,North America,41,No,Middle Age
15372,Married,Male,80000,3,Partial College,Professional,No,2,2-5 Miles,North America,50,Yes,Middle Age
18105,Married,Female,60000,2,Partial College,Professional,Yes,1,10+ Miles,North America,55,No,Middle Age
19660,Married,Male,80000,4,Bachelors,Management,Yes,0,0-1 Miles,North America,43,No,Middle Age
16112,Single,Male,70000,4,Bachelors,Professional,Yes,2,2-5 Miles,North America,43,Yes,Middle Age
20698,Married,Male,60000,4,Bachelors,Skilled Manual,Yes,3,5-10 Miles,North America,42,No,Middle Age
20076,Single,Female,10000,2,High School,Manual,Yes,2,1-2 Miles,North America,53,Yes,Middle Age
24496,Single,Female,40000,0,High School,Skilled Manual,No,2,0-1 Miles,North America,28,Yes,Young
15468,Married,Female,50000,1,Bachelors,Skilled Manual,Yes,1,0-1 Miles,North America,35,No,Middle Age
28031,Single,Female,70000,2,Bachelors,Management,No,1,2-5 Miles,North America,59,Yes,Middle Age
26270,Single,Female,20000,2,Partial High School,Clerical,Yes,2,1-2 Miles,North America,49,No,Middle Age
22221,Married,Male,60000,2,High School,Professional,No,2,1-2 Miles,North America,48,Yes,Middle Age
28228,Single,Female,80000,2,Partial High School,Skilled Manual,No,2,1-2 Miles,North America,50,No,Middle Age
18363,Married,Male,40000,0,High School,Skilled Manual,Yes,2,5-10 Miles,North America,28,Yes,Young
23256,Single,Male,30000,1,High School,Clerical,No,1,5-10 Miles,North America,52,No,Middle Age
12768,Married,Male,30000,1,High School,Clerical,Yes,1,2-5 Miles,North America,52,Yes,Middle Age
20361,Married,Male,50000,2,Graduate Degree,Management,Yes,2,5-10 Miles,North America,69,No,Old
21306,Single,Male,60000,2,High School,Professional,Yes,2,5-10 Miles,North America,51,No,Middle Age
13382,Married,Male,70000,5,Partial College,Professional,Yes,2,1-2 Miles,North America,57,Yes,Middle Age
20310,Single,Male,60000,0,Partial College,Skilled Manual,Yes,1,5-10 Miles,North America,27,Yes,Young
22971,Single,Female,30000,0,High School,Skilled Manual,No,2,0-1 Miles,North America,25,Yes,Young
15287,Single,Female,50000,1,Graduate Degree,Skilled Manual,Yes,0,1-2 Miles,North America,33,Yes,Young
15532,Single,Male,60000,4,Bachelors,Professional,Yes,2,2-5 Miles,North America,43,Yes,Middle Age
11255,Married,Male,70000,4,Graduate Degree,Management,Yes,2,5-10 Miles,North America,73,No,Old
28090,Married,Male,40000,0,Partial College,Skilled Manual,Yes,1,5-10 Miles,North America,27,No,Young
15255,Married,Male,40000,0,High School,Skilled Manual,Yes,2,5-10 Miles,North America,28,Yes,Young
13154,Married,Male,40000,0,High School,Skilled Manual,No,2,0-1 Miles,North America,27,Yes,Young
26778,Single,Female,40000,,High School,Skilled Manual,Yes,2,5-10 Miles,North America,31,No,Young
23248,Married,Female,10000,2,High School,Manual,Yes,2,1-2 Miles,North America,53,No,Middle Age
21417,Single,Female,60000,0,Partial College,Professional,No,2,1-2 Miles,North America,32,Yes,Young
17668,Single,Male,30000,2,High School,Skilled Manual,Yes,2,1-2 Miles,North America,50,Yes,Middle Age
27994,Married,Female,40000,4,High School,Professional,Yes,2,5-10 Miles,North America,69,No,Old
20376,Single,Female,70000,3,Graduate Degree,Management,Yes,2,5-10 Miles,North America,52,Yes,Middle Age
25954,Married,Male,60000,0,Partial College,Skilled Manual,No,2,1-2 Miles,North America,31,No,Young
15749,Single,Female,70000,4,Bachelors,Management,Yes,2,10+ Miles,North America,61,No,Old
25899,Married,Female,70000,2,High School,Professional,Yes,2,10+ Miles,North America,53,No,Middle Age
13351,Single,Female,70000,4,Bachelors,Management,Yes,2,1-2 Miles,North America,62,Yes,Old
23333,Married,Male,40000,0,Partial College,Skilled Manual,No,2,1-2 Miles,North America,30,No,Young
21660,Married,Female,60000,3,Graduate Degree,Professional,Yes,0,2-5 Miles,North America,43,Yes,Middle Age
17012,Married,Female,60000,3,Graduate Degree,Professional,Yes,0,2-5 Miles,North America,42,Yes,Middle Age
24514,Married,Male,40000,0,Partial College,Skilled Manual,Yes,1,5-10 Miles,North America,30,No,Young
27505,Single,Female,40000,0,High School,Skilled Manual,Yes,2,5-10 Miles,North America,30,No,Young
29243,Single,Male,110000,1,Bachelors,Management,Yes,1,5-10 Miles,North America,43,No,Middle Age
26582,Married,Male,60000,0,Partial College,Skilled Manual,Yes,2,5-10 Miles,North America,33,Yes,Young
14271,Married,Male,30000,0,High School,Skilled Manual,Yes,2,5-10 Miles,North America,32,No,Young
23041,Single,Female,70000,4,High School,Professional,Yes,0,5-10 Miles,North America,50,Yes,Middle Age
29048,Single,Male,110000,2,Bachelors,Management,No,3,0-1 Miles,North America,37,Yes,Middle Age
24433,Married,Male,70000,3,High School,Professional,No,1,1-2 Miles,North America,52,Yes,Middle Age
15501,Married,Male,70000,4,Graduate Degree,Professional,Yes,0,2-5 Miles,North America,36,Yes,Middle Age
13911,Single,Female,80000,3,Bachelors,Skilled Manual,Yes,2,2-5 Miles,North America,41,Yes,Middle Age
20421,Single,Female,40000,0,Partial High School,Clerical,Yes,2,5-10 Miles,North America,26,No,Young
16009,Single,Male,170000,1,Graduate Degree,Management,No,4,0-1 Miles,North America,66,No,Old
18411,Married,Male,60000,2,High School,Professional,No,2,5-10 Miles,North America,51,No,Middle Age
19163,Married,Female,70000,4,Bachelors,Professional,Yes,2,0-1 Miles,North America,43,Yes,Middle Age
18572,Married,Female,60000,0,Graduate Degree,Professional,Yes,0,0-1 Miles,North America,39,No,Middle Age
27540,Single,Female,70000,0,Bachelors,Professional,No,1,0-1 Miles,North America,37,Yes,Middle Age
19889,Single,Female,70000,2,Partial High School,Skilled Manual,No,2,2-5 Miles,North America,54,Yes,Middle Age
12922,Single,Female,60000,3,Bachelors,Skilled Manual,Yes,0,2-5 Miles,North America,40,Yes,Middle Age
18891,Married,Female,40000,0,Partial College,Skilled Manual,Yes,2,5-10 Miles,North America,28,No,Young
16773,Married,Male,60000,1,Graduate Degree,Skilled Manual,Yes,0,0-1 Miles,North America,33,No,Young
19143,Single,Female,80000,3,Bachelors,Skilled Manual,Yes,2,2-5 Miles,North America,41,Yes,Middle Age
23882,Single,Female,80000,3,Graduate Degree,Professional,Yes,0,0-1 Miles,North America,37,Yes,Middle Age
11233,Married,Male,70000,4,Partial College,Professional,Yes,2,10+ Miles,North America,53,No,Middle Age
12056,Married,Male,120000,2,Graduate Degree,Management,Yes,3,5-10 Miles,North America,64,No,Old
15555,Married,Female,60000,1,Partial College,Skilled Manual,Yes,1,2-5 Miles,North America,45,Yes,Middle Age
18423,Single,Male,80000,2,Partial High School,Skilled Manual,No,2,1-2 Miles,North America,52,No,Middle Age
22743,Married,Female,40000,5,High School,Professional,Yes,2,10+ Miles,North America,60,No,Middle Age
25343,Single,Female,20000,3,Partial High School,Clerical,Yes,2,1-2 Miles,North America,50,No,Middle Age
13390,Married,Female,70000,4,Partial College,Professional,No,1,1-2 Miles,North America,56,No,Middle Age
17482,Single,Female,40000,0,Partial High School,Clerical,Yes,2,5-10 Miles,North America,29,No,Young
13176,Single,Male,130000,0,Graduate Degree,Management,No,2,0-1 Miles,North America,38,Yes,Middle Age
20504,Married,Female,40000,5,High School,Professional,No,2,2-5 Miles,North America,60,No,Middle Age
12205,Single,Female,130000,2,Bachelors,Management,No,4,0-1 Miles,North America,67,No,Old
16751,Married,Male,60000,0,Partial College,Skilled Manual,Yes,1,5-10 Miles,North America,32,Yes,Young
21613,Single,Male,50000,2,Bachelors,Skilled Manual,No,1,0-1 Miles,North America,39,Yes,Middle Age
24801,Single,Male,60000,1,Graduate Degree,Professional,Yes,0,2-5 Miles,North America,35,Yes,Middle Age
17519,Married,Female,60000,0,Partial College,Professional,Yes,2,5-10 Miles,North America,32,No,Young
18347,Single,Female,30000,0,Partial College,Skilled Manual,No,1,1-2 Miles,North America,31,No,Young
29052,Single,Male,40000,0,Partial College,Skilled Manual,Yes,1,5-10 Miles,North America,27,No,Young
11745,Married,Female,60000,1,Bachelors,Professional,Yes,1,0-1 Miles,North America,47,Yes,Middle Age
19147,Married,Male,40000,0,Bachelors,Professional,No,1,0-1 Miles,North America,42,No,Middle Age
19217,Married,Male,30000,2,High School,Skilled Manual,Yes,2,1-2 Miles,North America,49,No,Middle Age
15839,Single,Male,30000,0,Partial College,Skilled Manual,Yes,1,5-10 Miles,North America,32,No,Young
13714,Married,Female,20000,2,High School,Manual,No,2,1-2 Miles,North America,53,Yes,Middle Age
22330,Married,Male,50000,0,Graduate Degree,Skilled Manual,Yes,0,1-2 Miles,North America,32,Yes,Young
18783,Single,Male,80000,0,Bachelors,Management,No,1,0-1 Miles,North America,38,Yes,Middle Age
25041,Single,Male,40000,0,High School,Skilled Manual,Yes,2,5-10 Miles,North America,31,No,Young
22046,Single,Female,80000,0,Bachelors,Management,No,1,0-1 Miles,North America,38,Yes,Middle Age
28052,Married,Male,60000,2,High School,Professional,Yes,2,10+ Miles,North America,55,No,Middle Age
26693,Married,,70000,3,Partial College,Professional,Yes,1,5-10 Miles,North America,49,No,Middle Age
24955,Single,Male,30000,5,Partial High School,Skilled Manual,Yes,3,10+ Miles,North America,60,Yes,Middle Age
26065,Single,Female,110000,3,Bachelors,Management,No,4,1-2 Miles,North America,42,No,Middle Age
13942,Married,Male,60000,1,Partial College,Skilled Manual,Yes,1,0-1 Miles,North America,46,No,Middle Age
11219,Married,Male,60000,2,High School,Professional,Yes,2,10+ Miles,North America,55,No,Middle Age
22118,Single,Female,70000,3,Graduate Degree,Management,Yes,2,5-10 Miles,North America,53,Yes,Middle Age
23197,Married,Male,50000,3,Bachelors,Skilled Manual,Yes,2,2-5 Miles,North America,40,No,Middle Age
14883,Married,Female,30000,1,Bachelors,Skilled Manual,Yes,1,5-10 Miles,North America,53,Yes,Middle Age
27279,Single,Female,70000,2,Bachelors,Skilled Manual,Yes,0,2-5 Miles,North America,38,Yes,Middle Age
18322,Single,Male,30000,0,Partial High School,Clerical,No,2,0-1 Miles,North America,26,No,Young
15879,Married,Male,70000,5,Bachelors,Management,Yes,2,2-5 Miles,North America,61,No,Old
28278,Married,Male,50000,2,Graduate Degree,Management,Yes,2,5-10 Miles,North America,71,No,Old
24416,Married,Male,90000,4,High School,Professional,Yes,2,1-2 Miles,North America,45,No,Middle Age
28066,Married,Male,80000,2,Graduate Degree,Professional,Yes,0,0-1 Miles,North America,37,Yes,Middle Age
11275,Married,Female,80000,4,Graduate Degree,Management,Yes,2,0-1 Miles,North America,72,Yes,Old
14872,Married,Male,30000,0,Graduate Degree,Skilled Manual,Yes,0,0-1 Miles,North America,32,No,Young
16151,Married,Female,60000,1,Bachelors,Professional,Yes,1,2-5 Miles,North America,48,Yes,Middle Age
19731,Married,Male,80000,4,Graduate Degree,Management,Yes,2,5-10 Miles,North America,68,No,Old
23801,Married,Female,20000,2,Partial High School,Clerical,Yes,2,0-1 Miles,North America,49,No,Middle Age
11807,Married,Male,70000,3,Graduate Degree,Professional,Yes,0,2-5 Miles,North America,34,No,Young
11622,Married,Male,50000,0,Graduate Degree,Skilled Manual,Yes,0,0-1 Miles,North America,32,No,Young
26597,Single,Female,60000,4,Bachelors,Skilled Manual,No,2,0-1 Miles,North America,42,No,Middle Age
27074,Married,Female,70000,1,Graduate Degree,Skilled Manual,Yes,0,0-1 Miles,North America,35,Yes,Middle Age
19228,Married,Female,40000,2,Partial College,Clerical,Yes,1,0-1 Miles,North America,48,No,Middle Age
13415,Single,Male,100000,1,Graduate Degree,Management,Yes,3,2-5 Miles,North America,73,Yes,Old
17000,Single,Female,70000,4,Bachelors,Skilled Manual,Yes,2,2-5 Miles,North America,43,Yes,Middle Age
14569,Married,Male,60000,1,Graduate Degree,Professional,Yes,0,0-1 Miles,North America,35,No,Middle Age
13873,Married,Male,70000,3,Graduate Degree,Professional,Yes,0,0-1 Miles,North America,35,Yes,Middle Age
20401,Married,Female,50000,4,Bachelors,Management,Yes,2,1-2 Miles,North America,64,Yes,Old
21583,Married,Female,50000,1,Bachelors,Skilled Manual,Yes,0,0-1 Miles,North America,34,Yes,Young
12029,Married,Male,30000,0,Partial High School,Clerical,No,2,0-1 Miles,North America,28,No,Young
18066,Single,Male,70000,5,Bachelors,Management,Yes,3,10+ Miles,North America,60,Yes,Middle Age
28192,Married,Female,70000,5,Graduate Degree,Professional,Yes,3,10+ Miles,North America,46,No,Middle Age
16122,Married,Male,40000,4,High School,Skilled Manual,Yes,2,0-1 Miles,North America,44,Yes,Middle Age
18607,Single,Female,60000,4,Bachelors,Skilled Manual,Yes,2,2-5 Miles,North America,42,Yes,Middle Age
28858,Single,Male,80000,3,Bachelors,Skilled Manual,Yes,0,2-5 Miles,North America,40,No,Middle Age
14432,Single,Male,90000,4,Graduate Degree,Management,Yes,1,5-10 Miles,North America,73,No,Old
26305,Single,Female,60000,2,Bachelors,Skilled Manual,No,0,0-1 Miles,North America,36,Yes,Middle Age
22050,Single,Male,90000,4,Bachelors,Management,Yes,1,1-2 Miles,North America,38,Yes,Middle Age
25394,Married,Male,60000,1,Graduate Degree,Professional,Yes,0,2-5 Miles,North America,34,Yes,Young
19747,Married,Male,50000,4,Bachelors,Management,Yes,2,10+ Miles,North America,63,No,Old
23195,Single,,50000,3,Bachelors,Skilled Manual,Yes,2,2-5 Miles,North America,41,Yes,Middle Age
21695,Married,Male,60000,0,Graduate Degree,Skilled Manual,Yes,0,1-2 Miles,North America,39,Yes,Middle Age
13934,Married,Male,40000,4,High School,Skilled Manual,Yes,2,2-5 Miles,North America,46,No,Middle Age
13337,Married,Female,80000,5,Bachelors,Management,Yes,2,5-10 Miles,North America,64,No,Old
27190,Married,Female,40000,3,Partial College,Clerical,Yes,1,1-2 Miles,North America,32,No,Young
28657,Single,Male,60000,2,Bachelors,Skilled Manual,Yes,0,2-5 Miles,North America,36,Yes,Middle Age
21713,Single,Male,80000,5,Graduate Degree,Skilled Manual,No,0,0-1 Miles,North America,47,No,Middle Age
21752,Married,Male,60000,3,Graduate Degree,Management,Yes,2,10+ Miles,North America,64,No,Old
27273,Single,Male,70000,3,Graduate Degree,Professional,No,0,0-1 Miles,North America,35,Yes,Middle Age
22719,Single,Male,110000,3,Bachelors,Management,Yes,4,2-5 Miles,North America,40,Yes,Middle Age
22042,Married,Female,70000,0,Partial College,Skilled Manual,Yes,2,5-10 Miles,North America,34,Yes,Young
21451,Married,Female,40000,4,High School,Professional,Yes,2,10+ Miles,North America,61,No,Old
20754,Married,Male,30000,2,High School,Skilled Manual,Yes,2,1-2 Miles,North America,51,No,Middle Age
12153,Single,Female,70000,3,Partial College,Professional,Yes,1,5-10 Miles,North America,49,Yes,Middle Age
16895,Married,Female,40000,3,Partial College,Professional,No,2,1-2 Miles,North America,54,Yes,Middle Age
26728,Single,Male,70000,3,Graduate Degree,Management,No,2,1-2 Miles,North America,53,Yes,Middle Age
11090,Single,Male,90000,2,Partial College,Professional,Yes,1,2-5 Miles,North America,48,Yes,Middle Age
15862,Single,Female,50000,0,Graduate Degree,Skilled Manual,Yes,0,1-2 Miles,North America,33,Yes,Young
26495,Single,Female,40000,2,High School,Professional,Yes,2,10+ Miles,North America,57,No,Middle Age
11823,Married,Female,70000,0,Graduate Degree,Professional,Yes,0,2-5 Miles,North America,39,No,Middle Age
23449,Married,Male,60000,2,High School,Professional,Yes,2,5-10 Miles,North America,48,No,Middle Age
23459,Married,Male,60000,2,High School,Professional,Yes,2,5-10 Miles,North America,50,No,Middle Age
19543,Married,Male,70000,5,Graduate Degree,Professional,No,3,10+ Miles,North America,47,No,Middle Age
14914,Married,Female,40000,1,Partial College,Clerical,Yes,1,1-2 Miles,North America,49,Yes,Middle Age
12033,Single,Female,40000,0,High School,Skilled Manual,No,2,0-1 Miles,North America,27,Yes,Young
11941,Single,Male,60000,0,Partial College,Skilled Manual,Yes,,5-10 Miles,North America,29,No,Young
14389,Married,Male,60000,2,Bachelors,Management,Yes,0,2-5 Miles,North America,59,No,Middle Age
18050,Married,Female,60000,1,Partial College,Skilled Manual,Yes,1,0-1 Miles,North America,45,Yes,Middle Age
19856,Married,Female,60000,4,Bachelors,Management,Yes,2,2-5 Miles,North America,60,No,Middle Age
11663,Married,Male,70000,4,Graduate Degree,Professional,Yes,0,0-1 Miles,North America,36,Yes,Middle Age
27740,Married,Female,40000,0,High School,Skilled Manual,Yes,2,5-10 Miles,North America,27,No,Young
23455,Single,Male,80000,2,Partial High School,Skilled Manual,No,2,1-2 Miles,North America,50,No,Middle Age
15292,Single,Female,60000,1,Graduate Degree,Skilled Manual,Yes,0,1-2 Miles,North America,35,No,Middle Age
21587,Married,Female,60000,1,Graduate Degree,Skilled Manual,Yes,0,2-5 Miles,North America,34,Yes,Young
23513,Married,Female,40000,3,Partial College,Professional,Yes,2,5-10 Miles,North America,54,No,Middle Age
24322,Married,Female,60000,4,Bachelors,Skilled Manual,,2,0-1 Miles,North America,42,No,Middle Age
26298,Married,Female,50000,1,Bachelors,Skilled Manual,Yes,0,2-5 Miles,North America,34,Yes,Young
25419,Single,Male,50000,2,Bachelors,Skilled Manual,No,1,0-1 Miles,North America,38,Yes,Middle Age
13343,Married,Female,90000,5,Bachelors,Management,Yes,2,1-2 Miles,North America,63,Yes,Old
11303,Single,Female,90000,4,High School,Professional,No,3,1-2 Miles,North America,45,Yes,Middle Age
21693,Single,Female,60000,0,Graduate Degree,Skilled Manual,No,0,0-1 Miles,North America,40,No,Middle Age
28056,Married,Male,70000,2,Partial High School,Skilled Manual,Yes,2,10+ Miles,North America,53,No,Middle Age
11788,Single,Female,70000,1,Graduate Degree,Professional,Yes,0,2-5 Miles,North America,34,No,Young
22296,Married,,70000,0,Bachelors,Professional,No,1,0-1 Miles,North America,38,No,Middle Age
15319,Married,Female,70000,4,Bachelors,Management,No,1,1-2 Miles,North America,59,No,Middle Age
17654,Single,Female,40000,3,Partial College,Clerical,Yes,1,1-2 Miles,North America,30,Yes,Young
14662,Married,Male,60000,1,Bachelors,Professional,Yes,1,0-1 Miles,North America,48,Yes,Middle Age
17541,Married,Female,40000,4,High School,Skilled Manual,Yes,2,2-5 Miles,North America,43,No,Middle Age
13886,Married,Female,70000,4,Graduate Degree,Professional,Yes,0,2-5 Miles,North America,35,Yes,Middle Age
13073,Married,Female,60000,0,Partial College,Professional,Yes,2,5-10 Miles,North America,30,No,Young
21940,Married,Male,90000,5,Graduate Degree,Professional,Yes,0,0-1 Miles,North America,47,Yes,Middle Age
20196,Married,Male,60000,1,Partial College,Skilled Manual,Yes,1,2-5 Miles,North America,45,Yes,Middle Age
23491,Single,Male,100000,,Partial College,Professional,No,4,1-2 Miles,North America,45,No,Middle Age
16651,Married,Female,120000,2,Bachelors,Management,Yes,3,5-10 Miles,North America,62,No,Old
16813,Married,Male,60000,2,Partial College,Professional,Yes,2,10+ Miles,North America,55,No,Middle Age
16007,Married,Female,90000,5,Bachelors,Management,Yes,2,1-2 Miles,North America,66,Yes,Old
27434,Single,Male,70000,4,Partial College,Professional,Yes,1,10+ Miles,North America,56,No,Middle Age
27756,Single,Female,50000,3,Bachelors,Skilled Manual,No,1,0-1 Miles,North America,40,No,Middle Age
23818,Married,Female,50000,0,Graduate Degree,Skilled Manual,Yes,0,1-2 Miles,North America,33,Yes,Young
19012,Married,Male,80000,3,Bachelors,Management,Yes,1,1-2 Miles,North America,56,No,Middle Age
18329,Single,Male,30000,0,Partial High School,Clerical,No,2,5-10 Miles,North America,27,No,Young
29037,Married,Male,60000,0,Graduate Degree,Professional,No,0,0-1 Miles,North America,39,No,Middle Age
26576,Married,Female,60000,0,Partial College,Skilled Manual,Yes,2,5-10 Miles,North America,31,No,Young
12192,Single,Female,60000,2,Partial High School,Skilled Manual,No,2,1-2 Miles,North America,51,No,Middle Age
14887,Married,Female,30000,1,High School,Clerical,Yes,1,5-10 Miles,North America,52,No,Middle Age
11734,Married,,60000,1,Partial College,Skilled Manual,No,1,0-1 Miles,North America,47,No,Middle Age
17462,Married,Male,70000,3,Graduate Degree,Management,Yes,2,5-10 Miles,North America,53,Yes,Middle Age
20659,Married,Male,70000,3,Graduate Degree,Professional,Yes,0,0-1 Miles,North America,35,Yes,Middle Age
28004,Married,Female,60000,3,Bachelors,Management,Yes,2,10+ Miles,North America,66,No,Old
19741,Single,Female,80000,4,Graduate Degree,Management,Yes,2,5-10 Miles,North America,65,No,Old
17450,Married,Male,80000,5,Partial College,Professional,Yes,3,5-10 Miles,North America,45,No,Middle Age
17337,Single,Male,40000,0,High School,Skilled Manual,Yes,1,5-10 Miles,North America,31,No,Young
18594,Single,Female,80000,3,Bachelors,Skilled Manual,Yes,3,10+ Miles,North America,40,Yes,Middle Age
15982,Married,Male,110000,5,Partial College,Professional,Yes,4,2-5 Miles,North America,46,No,Middle Age
28625,Single,Male,40000,2,Partial College,Clerical,No,1,1-2 Miles,North America,47,Yes,Middle Age
11269,Married,Male,130000,2,Graduate Degree,Management,Yes,2,0-1 Miles,North America,41,No,Middle Age
25148,Married,Male,60000,2,High School,Professional,No,2,1-2 Miles,North America,48,Yes,Middle Age
13920,Single,Female,50000,4,Bachelors,Skilled Manual,Yes,2,0-1 Miles,North America,42,No,Middle Age
23704,Single,Male,40000,5,High School,Professional,Yes,4,10+ Miles,North America,,Yes,Young
28972,Single,Female,60000,3,Graduate Degree,Management,Yes,2,10+ Miles,North America,66,No,Old
22730,Married,Male,70000,5,Bachelors,Management,Yes,2,10+ Miles,North America,63,No,Old
29134,Married,Male,60000,4,Bachelors,Skilled Manual,No,3,10+ Miles,North America,42,No,Middle Age
14332,Single,Female,30000,0,High School,Skilled Manual,No,2,5-10 Miles,North America,26,No,Young
19117,Single,Female,60000,1,Graduate Degree,Professional,Yes,0,2-5 Miles,North America,36,Yes,Middle Age
22864,Married,Male,90000,2,Partial College,Professional,No,0,5-10 Miles,North America,49,Yes,Middle Age
11292,Single,Male,150000,1,Partial College,Professional,No,3,0-1 Miles,North America,44,Yes,Middle Age
13466,Married,Male,80000,5,Partial College,Professional,Yes,3,1-2 Miles,North America,46,No,Middle Age
23731,Married,Male,60000,2,High School,Professional,Yes,2,2-5 Miles,North America,54,Yes,Middle Age
28672,Single,Male,70000,4,Graduate Degree,Professional,Yes,0,2-5 Miles,North America,35,Yes,Middle Age
11809,Married,,60000,2,Bachelors,Skilled Manual,Yes,0,0-1 Miles,North America,38,Yes,Middle Age
19664,Single,Male,100000,3,Bachelors,Management,No,3,1-2 Miles,North America,38,No,Middle Age
12121,Single,Male,60000,3,High School,Professional,Yes,2,10+ Miles,North America,53,Yes,Middle Age